time_s,f_des_N,f_est_raw_N,f_est_filt_N,f_ati_N,tau_meas_Nm,pos_rad,vel_rad_s,motor_kp,motor_kd
0.010451,0.000000,0.008547,0.008547,-0.034524,0.001709,-0.000191,-0.063492,5.0000,0.1000
0.020157,0.000000,-0.111111,-0.027350,-0.034524,-0.022222,-0.000191,0.024420,5.0000,0.1000
0.030222,0.000000,-0.008547,-0.021709,-0.014329,-0.001709,-0.000191,-0.014652,5.0000,0.1000
0.040936,0.000000,0.025641,-0.007504,-0.031349,0.005128,-0.000191,-0.024420,5.0000,0.1000
0.050430,0.000000,-0.059829,-0.023202,-0.031349,-0.011966,-0.000191,-0.083028,5.0000,0.1000
0.060000,0.000000,0.042735,-0.003421,-0.037332,0.008547,-0.000191,-0.014652,5.0000,0.1000
0.070347,0.000000,-0.008547,-0.004959,-0.050111,-0.001709,-0.000191,0.004884,5.0000,0.1000
0.080110,0.000000,-0.042735,-0.016292,-0.050111,-0.008547,-0.000191,-0.004884,5.0000,0.1000
0.091047,0.000000,-0.059829,-0.029353,-0.024640,-0.011966,-0.000191,0.024420,5.0000,0.1000
0.100000,0.000000,-0.042735,-0.033367,-0.018471,-0.008547,0.000191,0.024420,5.0000,0.1000
0.110163,0.000000,-0.059829,-0.041306,-0.018471,-0.011966,-0.000191,-0.043956,5.0000,0.1000
0.120269,0.000000,-0.059829,-0.046863,-0.040488,-0.011966,-0.000191,-0.004884,5.0000,0.1000
0.130000,0.000000,0.025641,-0.025112,-0.040488,0.005128,-0.000191,-0.024420,5.0000,0.1000
0.140018,0.000000,0.059829,0.000371,-0.053415,0.011966,-0.000191,0.034188,5.0000,0.1000
0.150341,0.000000,-0.094017,-0.027946,-0.041779,-0.018803,-0.000191,-0.053724,5.0000,0.1000
0.160836,0.000000,-0.025641,-0.027254,-0.041779,-0.005128,-0.000191,-0.161172,5.0000,0.1000
0.170419,0.000000,-0.042735,-0.031899,-0.018059,-0.008547,0.000191,0.073260,5.0000,0.1000
0.180984,0.000000,-0.025641,-0.030021,-0.035954,-0.005128,-0.000191,-0.043956,5.0000,0.1000
0.190195,0.000000,-0.042735,-0.033835,-0.035954,-0.008547,-0.000191,0.024420,5.0000,0.1000
0.200025,0.000000,-0.042735,-0.036505,-0.042473,-0.008547,-0.000191,-0.053724,5.0000,0.1000
0.210016,0.000000,0.008547,-0.022990,-0.053627,0.001709,-0.000191,0.004884,5.0000,0.1000
0.220003,0.000000,-0.111111,-0.049426,-0.053627,-0.022222,0.000191,0.161172,5.0000,0.1000
0.230316,0.000000,-0.128205,-0.073060,-0.030797,-0.025641,-0.000191,0.014652,5.0000,0.1000
0.240877,0.000000,-0.059829,-0.069091,-0.010438,-0.011966,0.000191,0.073260,5.0000,0.1000
0.250187,0.000000,0.025641,-0.040671,-0.010438,0.005128,-0.000191,0.034188,5.0000,0.1000
0.261257,0.000000,-0.008547,-0.031034,-0.039822,-0.001709,0.000191,0.053724,5.0000,0.1000
0.270000,0.000000,0.025641,-0.014031,-0.039822,0.005128,-0.000191,-0.063492,5.0000,0.1000
0.280000,0.000000,-0.196581,-0.068796,-0.051283,-0.039316,-0.000191,-0.063492,5.0000,0.1000
0.293224,0.000000,-0.076923,-0.071234,-0.050007,-0.015385,-0.000191,-0.063492,5.0000,0.1000
0.300546,0.000000,0.008547,-0.047300,-0.050007,0.001709,-0.000191,-0.083028,5.0000,0.1000
0.310061,0.000000,0.059829,-0.015161,-0.009512,0.011966,-0.000191,-0.024420,5.0000,0.1000
0.320253,0.000000,-0.059829,-0.028562,-0.030195,-0.011966,-0.000191,0.004884,5.0000,0.1000
0.330431,0.000000,0.059829,-0.002044,-0.030195,0.011966,-0.000191,0.014652,5.0000,0.1000
0.340000,0.000000,-0.042735,-0.014252,-0.040229,-0.008547,-0.000191,0.024420,5.0000,0.1000
0.350116,0.000000,0.042735,0.002844,-0.051921,0.008547,-0.000191,0.024420,5.0000,0.1000
0.360442,0.000000,-0.008547,-0.000573,-0.051921,-0.001709,-0.000191,-0.073260,5.0000,0.1000
0.370259,0.000000,-0.094017,-0.028606,-0.040813,-0.018803,-0.000191,-0.043956,5.0000,0.1000
0.380436,0.000000,-0.042735,-0.032845,-0.021341,-0.008547,-0.000191,0.014652,5.0000,0.1000
0.391325,0.000000,0.042735,-0.010171,-0.021341,0.008547,-0.000191,-0.073260,5.0000,0.1000
0.400250,0.000000,-0.008547,-0.009684,-0.043795,-0.001709,-0.000191,0.043956,5.0000,0.1000
0.410235,0.000000,0.042735,0.006042,-0.043795,0.008547,-0.000191,0.063492,5.0000,0.1000
0.420370,0.000000,-0.008547,0.001665,-0.048633,-0.001709,-0.000191,-0.014652,5.0000,0.1000
0.430497,0.000000,0.008547,0.003730,-0.054451,0.001709,-0.000191,-0.141636,5.0000,0.1000
0.440132,0.000000,0.059829,0.020560,-0.054451,0.011966,-0.000191,0.034188,5.0000,0.1000
0.450855,0.000000,0.111111,0.047725,-0.024262,0.022222,-0.000191,-0.063492,5.0000,0.1000
0.460789,0.000000,0.025641,0.041100,-0.026638,0.005128,-0.000191,-0.014652,5.0000,0.1000
0.470006,0.000000,-0.059829,0.010821,-0.026638,-0.011966,0.000191,0.073260,5.0000,0.1000
0.480310,0.000000,-0.094017,-0.020630,-0.043528,-0.018803,0.000191,0.063492,5.0000,0.1000
0.490678,0.000000,-0.025641,-0.022134,-0.051268,-0.005128,-0.000191,-0.024420,5.0000,0.1000
0.501743,0.000000,-0.042735,-0.028314,-0.044518,-0.008547,-0.000191,-0.073260,5.0000,0.1000
0.511475,0.000000,-0.094017,-0.048025,-0.044518,-0.018803,-0.000191,0.014652,5.0000,0.1000
0.520957,0.000000,-0.111111,-0.066951,-0.016915,-0.022222,-0.000191,-0.014652,5.0000,0.1000
0.531815,0.000000,0.076923,-0.023789,-0.016915,0.015385,-0.000191,0.053724,5.0000,0.1000
0.540025,0.000000,-0.025641,-0.024344,-0.035645,-0.005128,-0.000191,-0.112332,5.0000,0.1000
0.550000,0.000000,-0.025641,-0.024733,-0.035645,-0.005128,-0.000191,0.073260,5.0000,0.1000
0.560003,0.000000,-0.076923,-0.040390,-0.046439,-0.015385,-0.000191,-0.073260,5.0000,0.1000
0.570012,0.000000,-0.042735,-0.041094,-0.057546,-0.008547,-0.000191,-0.053724,5.0000,0.1000
0.580344,0.000000,0.008547,-0.026201,-0.030324,0.001709,-0.000191,-0.004884,5.0000,0.1000
0.591146,0.000000,0.025641,-0.010649,-0.030324,0.005128,-0.000191,0.053724,5.0000,0.1000
0.600122,0.000000,-0.042735,-0.020275,-0.022711,-0.008547,-0.000191,-0.112332,5.0000,0.1000
0.610298,0.000000,-0.111111,-0.047526,-0.043277,-0.022222,-0.000191,0.034188,5.0000,0.1000
0.620000,0.000000,0.059829,-0.015319,-0.043277,0.011966,0.000191,0.083028,5.0000,0.1000
0.630182,0.000000,-0.059829,-0.028672,-0.050974,-0.011966,-0.000191,0.004884,5.0000,0.1000
0.640000,0.000000,-0.076923,-0.043147,-0.050974,-0.015385,-0.000191,0.083028,5.0000,0.1000
0.650962,0.000000,-0.111111,-0.063537,-0.045950,-0.022222,-0.000191,-0.043956,5.0000,0.1000
0.660520,0.000000,-0.025641,-0.052168,-0.018479,-0.005128,-0.000191,0.063492,5.0000,0.1000
0.672280,0.000000,-0.008547,-0.039082,-0.034879,-0.001709,-0.000191,-0.053724,5.0000,0.1000
0.680191,0.000000,-0.008547,-0.029921,-0.034879,-0.001709,-0.000191,0.024420,5.0000,0.1000
0.690305,0.000000,0.008547,-0.018381,-0.042012,0.001709,-0.000191,0.004884,5.0000,0.1000
0.700000,0.000000,-0.094017,-0.041072,-0.042012,-0.018803,-0.000191,0.043956,5.0000,0.1000
0.710000,0.000000,0.008547,-0.026186,-0.055553,0.001709,-0.000191,0.063492,5.0000,0.1000
0.720813,0.000000,0.076923,0.004747,-0.034256,0.015385,-0.000191,0.034188,5.0000,0.1000
0.730829,0.000000,0.042735,0.016143,-0.034256,0.008547,-0.000191,-0.092796,5.0000,0.1000
0.741306,0.000000,-0.094017,-0.016905,-0.018767,-0.018803,-0.000191,0.073260,5.0000,0.1000
0.750610,0.000000,0.025641,-0.004141,-0.038427,0.005128,-0.000191,-0.131868,5.0000,0.1000
0.760297,0.000000,-0.111111,-0.036232,-0.038427,-0.022222,-0.000191,-0.034188,5.0000,0.1000
0.770000,0.000000,-0.025641,-0.033055,-0.051603,-0.005128,-0.000191,-0.083028,5.0000,0.1000
0.780000,0.000000,0.076923,-0.000061,-0.051603,0.015385,-0.000191,-0.014652,5.0000,0.1000
0.790107,0.000000,-0.059829,-0.017992,-0.052369,-0.011966,-0.000191,0.073260,5.0000,0.1000
0.800000,0.000000,-0.008547,-0.015158,-0.021333,-0.001709,-0.000191,0.034188,5.0000,0.1000
0.810735,0.000000,-0.128205,-0.049072,-0.021333,-0.025641,-0.000191,-0.073260,5.0000,0.1000
0.820211,0.000000,-0.008547,-0.036915,-0.032488,-0.001709,-0.000191,-0.043956,5.0000,0.1000
0.831058,0.000000,-0.094017,-0.054045,-0.043175,-0.018803,0.000191,0.112332,5.0000,0.1000
0.840259,0.000000,-0.094017,-0.066037,-0.043175,-0.018803,-0.000191,0.053724,5.0000,0.1000
0.850763,0.000000,-0.111111,-0.079559,-0.051337,-0.022222,-0.000191,-0.043956,5.0000,0.1000
0.860000,0.000000,0.094017,-0.027486,-0.051337,0.018803,-0.000191,0.024420,5.0000,0.1000
0.870000,0.000000,0.042735,-0.006420,-0.042691,0.008547,-0.000191,-0.004884,5.0000,0.1000
0.880000,0.000000,-0.059829,-0.022443,-0.018062,-0.011966,-0.000191,-0.024420,5.0000,0.1000
0.890368,0.000000,0.025641,-0.008018,-0.039064,0.005128,-0.000191,0.034188,5.0000,0.1000
0.900000,0.000000,-0.076923,-0.028689,-0.039064,-0.015385,-0.000191,0.024420,5.0000,0.1000
0.910231,0.000000,0.076923,0.002994,-0.046007,0.015385,-0.000191,0.083028,5.0000,0.1000
0.920646,0.000000,0.042735,0.014917,-0.046007,0.008547,-0.000191,-0.092796,5.0000,0.1000
0.930191,0.000000,0.008547,0.013006,-0.053373,0.001709,-0.000191,-0.004884,5.0000,0.1000
0.940146,0.000000,-0.128205,-0.029358,-0.029197,-0.025641,-0.000191,-0.083028,5.0000,0.1000
0.950209,0.000000,-0.059829,-0.038499,-0.029197,-0.011966,-0.000191,0.014652,5.0000,0.1000
0.960254,0.000000,0.042735,-0.014129,-0.023464,0.008547,0.000191,0.053724,5.0000,0.1000
0.973890,0.000000,0.025641,-0.002198,-0.041246,0.005128,-0.000191,-0.043956,5.0000,0.1000
0.980558,0.000000,0.025641,0.006154,-0.041246,0.005128,-0.000191,0.092796,5.0000,0.1000
0.991577,0.000000,-0.008547,0.001744,-0.052366,-0.001709,-0.000191,-0.034188,5.0000,0.1000
1.000822,0.000000,-0.111111,-0.032113,-0.044660,-0.022222,-0.000191,-0.083028,5.0000,0.1000
1.011243,0.000000,-0.076923,-0.045556,-0.044660,-0.015385,-0.000191,-0.053724,5.0000,0.1000
1.020281,0.000000,-0.025641,-0.039581,-0.018088,-0.005128,-0.000191,0.073260,5.0000,0.1000
1.030252,0.000000,0.111111,0.005626,-0.018088,0.022222,-0.000191,0.034188,5.0000,0.1000
1.040326,0.000000,-0.059829,-0.014010,-0.035588,-0.011966,-0.000191,0.053724,5.0000,0.1000
1.051084,0.000000,-0.076923,-0.032884,-0.047726,-0.015385,-0.000191,-0.014652,5.0000,0.1000
1.060206,0.000000,-0.145299,-0.066609,-0.047726,-0.029060,-0.000191,-0.004884,5.0000,0.1000
1.071254,0.000000,-0.008547,-0.049190,-0.051355,-0.001709,-0.000191,-0.024420,5.0000,0.1000
1.080693,0.000000,0.094017,-0.006228,-0.031647,0.018803,0.000191,0.063492,5.0000,0.1000
1.091556,0.000000,-0.042735,-0.017180,-0.031647,-0.008547,-0.000191,-0.063492,5.0000,0.1000
1.100219,0.000000,-0.042735,-0.024847,-0.021972,-0.008547,-0.000191,-0.004884,5.0000,0.1000
1.110190,0.000000,-0.076923,-0.040470,-0.040907,-0.015385,-0.000191,-0.024420,5.0000,0.1000
1.120148,0.000000,-0.076923,-0.051406,-0.040907,-0.015385,-0.000191,-0.034188,5.0000,0.1000
1.130641,0.000000,0.059829,-0.018035,-0.051092,0.011966,-0.000191,-0.014652,5.0000,0.1000
1.140743,0.000000,0.042735,0.000196,-0.048143,0.008547,-0.000191,-0.004884,5.0000,0.1000
1.150437,0.000000,-0.025641,-0.007555,-0.048143,-0.005128,-0.000191,0.112332,5.0000,0.1000
1.160147,0.000000,0.128205,0.033173,-0.023797,0.025641,-0.000191,-0.063492,5.0000,0.1000
1.171004,0.000000,0.008547,0.025785,-0.023797,0.001709,-0.000191,-0.210012,5.0000,0.1000
1.180281,0.000000,-0.025641,0.010357,-0.024272,-0.005128,-0.000191,-0.122100,5.0000,0.1000
1.190000,0.000000,0.042735,0.020071,-0.045811,0.008547,-0.000191,-0.034188,5.0000,0.1000
1.200245,0.000000,-0.094017,-0.014156,-0.045811,-0.018803,-0.000191,-0.034188,5.0000,0.1000
1.210473,0.000000,-0.025641,-0.017601,-0.052935,-0.005128,-0.000191,-0.004884,5.0000,0.1000
1.222365,0.000000,-0.008547,-0.014885,-0.033891,-0.001709,-0.000191,-0.112332,5.0000,0.1000
1.230129,0.000000,0.025641,-0.002727,-0.015502,0.005128,0.000191,0.161172,5.0000,0.1000
1.240265,0.000000,-0.008547,-0.004473,-0.015502,-0.001709,-0.000191,-0.043956,5.0000,0.1000
1.250486,0.000000,-0.059829,-0.021080,-0.039880,-0.011966,-0.000191,0.083028,5.0000,0.1000
1.260238,0.000000,-0.059829,-0.032705,-0.039880,-0.011966,-0.000191,-0.092796,5.0000,0.1000
1.270270,0.000000,-0.111111,-0.056227,-0.049411,-0.022222,-0.000191,0.024420,5.0000,0.1000
1.280370,0.000000,-0.076923,-0.062436,-0.049559,-0.015385,-0.000191,-0.053724,5.0000,0.1000
1.290000,0.000000,-0.008547,-0.046269,-0.049559,-0.001709,0.000191,0.112332,5.0000,0.1000
1.300018,0.000000,0.025641,-0.024696,-0.024901,0.005128,-0.000191,-0.043956,5.0000,0.1000
1.310000,0.000000,-0.076923,-0.040364,-0.024901,-0.015385,-0.000191,-0.063492,5.0000,0.1000
1.320388,0.000000,0.008547,-0.025691,-0.032669,0.001709,-0.000191,-0.034188,5.0000,0.1000
1.332245,0.000000,0.042735,-0.005163,-0.041909,0.008547,-0.000191,-0.083028,5.0000,0.1000
1.340306,0.000000,-0.008547,-0.006178,-0.041909,-0.001709,-0.000191,0.043956,5.0000,0.1000
1.350681,0.000000,-0.111111,-0.037658,-0.054322,-0.022222,-0.000191,-0.014652,5.0000,0.1000
1.360219,0.000000,-0.008547,-0.028925,-0.054322,-0.001709,-0.000191,-0.073260,5.0000,0.1000
1.370475,0.000000,0.042735,-0.007427,-0.040315,0.008547,-0.000191,-0.024420,5.0000,0.1000
1.380076,0.000000,0.042735,0.007622,-0.040315,0.008547,-0.000191,-0.043956,5.0000,0.1000
1.390724,0.000000,-0.008547,0.002771,-0.019397,-0.001709,-0.000191,-0.063492,5.0000,0.1000
1.401168,0.000000,-0.059829,-0.016009,-0.039595,-0.011966,-0.000191,0.024420,5.0000,0.1000
1.410155,0.000000,0.076923,0.011871,-0.039595,0.015385,-0.000191,-0.063492,5.0000,0.1000
1.420013,0.000000,-0.042735,-0.004511,-0.045114,-0.008547,-0.000191,-0.014652,5.0000,0.1000
1.430049,0.000000,-0.076923,-0.026235,-0.045114,-0.015385,-0.000191,0.014652,5.0000,0.1000
1.440142,0.000000,-0.059829,-0.036313,-0.052407,-0.011966,-0.000191,0.063492,5.0000,0.1000
1.450475,0.000000,-0.025641,-0.033111,-0.029661,-0.005128,-0.000191,-0.063492,5.0000,0.1000
1.461208,0.000000,0.008547,-0.020614,-0.029661,0.001709,-0.000191,0.014652,5.0000,0.1000
1.470202,0.000000,-0.128205,-0.052891,-0.027795,-0.025641,-0.000191,-0.014652,5.0000,0.1000
1.481711,0.000000,-0.025641,-0.044716,-0.041999,-0.005128,-0.000191,0.034188,5.0000,0.1000
1.490317,0.000000,-0.076923,-0.054378,-0.041999,-0.015385,-0.000191,0.004884,5.0000,0.1000
1.500096,0.000000,-0.025641,-0.045757,-0.049570,-0.005128,-0.000191,0.014652,5.0000,0.1000
1.510306,0.000000,-0.059829,-0.049979,-0.049570,-0.011966,-0.000191,0.073260,5.0000,0.1000
1.520292,0.000000,-0.094017,-0.063190,-0.044546,-0.018803,-0.000191,-0.053724,5.0000,0.1000
1.531181,0.000000,0.008547,-0.041669,-0.019689,0.001709,-0.000191,-0.063492,5.0000,0.1000
1.540372,0.000000,-0.008547,-0.031732,-0.036359,-0.001709,-0.000191,0.073260,5.0000,0.1000
1.550000,0.000000,-0.025641,-0.029905,-0.036359,-0.005128,-0.000191,-0.014652,5.0000,0.1000
1.560000,0.000000,-0.008547,-0.023498,-0.042644,-0.001709,-0.000191,-0.004884,5.0000,0.1000
1.570073,0.000000,0.076923,0.006629,-0.042644,0.015385,-0.000191,0.034188,5.0000,0.1000
1.580163,0.000000,-0.042735,-0.008180,-0.053219,-0.008547,-0.000191,0.024420,5.0000,0.1000
1.590171,0.000000,0.025641,0.001966,-0.034722,0.005128,-0.000191,-0.004884,5.0000,0.1000
1.600203,0.000000,-0.042735,-0.011444,-0.034722,-0.008547,-0.000191,0.063492,5.0000,0.1000
1.610005,0.000000,0.025641,-0.000319,-0.020452,0.005128,-0.000191,0.024420,5.0000,0.1000
1.623732,0.000000,-0.025641,-0.007915,-0.039953,-0.005128,-0.000191,-0.053724,5.0000,0.1000
1.630228,0.000000,-0.111111,-0.038874,-0.048749,-0.022222,-0.000191,0.034188,5.0000,0.1000
1.640866,0.000000,-0.008547,-0.029776,-0.048749,-0.001709,-0.000191,0.053724,5.0000,0.1000
1.650343,0.000000,-0.042735,-0.033664,-0.051092,-0.008547,-0.000191,0.014652,5.0000,0.1000
1.660258,0.000000,0.076923,-0.000488,-0.051092,0.015385,-0.000191,-0.122100,5.0000,0.1000
1.670000,0.000000,-0.025641,-0.008034,-0.016737,-0.005128,-0.000191,0.073260,5.0000,0.1000
1.682843,0.000000,0.008547,-0.003059,-0.029638,0.001709,-0.000191,-0.004884,5.0000,0.1000
1.690000,0.000000,-0.059829,-0.020090,-0.029638,-0.011966,-0.000191,0.004884,5.0000,0.1000
1.700509,0.000000,-0.008547,-0.016627,-0.039730,-0.001709,-0.000191,-0.112332,5.0000,0.1000
1.710585,0.000000,0.094017,0.016566,-0.051388,0.018803,-0.000191,-0.053724,5.0000,0.1000
1.720345,0.000000,-0.025641,0.003904,-0.051388,-0.005128,-0.000191,0.004884,5.0000,0.1000
1.730069,0.000000,-0.025641,-0.004960,-0.037626,-0.005128,-0.000191,0.043956,5.0000,0.1000
1.740114,0.000000,0.111111,0.029862,-0.037626,0.022222,-0.000191,-0.053724,5.0000,0.1000
1.750170,0.000000,-0.111111,-0.012430,-0.018119,-0.022222,-0.000191,-0.043956,5.0000,0.1000
1.761350,0.000000,0.059829,0.009248,-0.037562,0.011966,-0.000191,-0.112332,5.0000,0.1000
1.772801,0.000000,-0.076923,-0.016604,-0.046281,-0.015385,-0.000191,-0.004884,5.0000,0.1000
1.780304,0.000000,-0.076923,-0.034699,-0.046281,-0.015385,-0.000191,-0.083028,5.0000,0.1000
1.790920,0.000000,-0.025641,-0.031982,-0.047730,-0.005128,-0.000191,-0.063492,5.0000,0.1000
1.800000,0.000000,-0.230769,-0.091618,-0.047730,-0.046154,-0.000191,-0.024420,5.0000,0.1000
1.810001,0.000000,-0.076923,-0.087210,-0.019890,-0.015385,-0.000191,-0.083028,5.0000,0.1000
1.820001,0.000000,0.025641,-0.053354,-0.019890,0.005128,-0.000191,-0.092796,5.0000,0.1000
1.830582,0.000000,-0.025641,-0.045040,-0.023789,-0.005128,-0.000191,-0.014652,5.0000,0.1000
1.840233,0.000000,-0.076923,-0.054605,-0.042102,-0.015385,-0.000191,0.073260,5.0000,0.1000
1.851208,0.000000,0.042735,-0.025403,-0.045992,0.008547,-0.000191,0.034188,5.0000,0.1000
1.861443,0.000000,0.008547,-0.015218,-0.045992,0.001709,-0.000191,-0.043956,5.0000,0.1000
1.870156,0.000000,-0.008547,-0.013217,-0.043748,-0.001709,-0.000191,-0.053724,5.0000,0.1000
1.880247,0.000000,-0.076923,-0.032329,-0.043748,-0.015385,-0.000191,0.053724,5.0000,0.1000
1.890014,0.000000,-0.008547,-0.025194,-0.018787,-0.001709,-0.000191,-0.014652,5.0000,0.1000
1.900008,0.000000,-0.025641,-0.025328,-0.038653,-0.005128,-0.000191,-0.063492,5.0000,0.1000
1.910077,0.000000,-0.008547,-0.020294,-0.038653,-0.001709,-0.000191,0.034188,5.0000,0.1000
1.920000,0.000000,0.008547,-0.011642,-0.044080,0.001709,-0.000191,-0.014652,5.0000,0.1000
1.930113,0.000000,-0.008547,-0.010713,-0.054748,-0.001709,-0.000191,0.024420,5.0000,0.1000
1.940086,0.000000,0.094017,0.020706,-0.054748,0.018803,-0.000191,0.014652,5.0000,0.1000
1.950313,0.000000,0.025641,0.022186,-0.031242,0.005128,-0.000191,0.004884,5.0000,0.1000
1.960129,0.000000,0.059829,0.033479,-0.031242,0.011966,-0.000191,0.034188,5.0000,0.1000
1.970185,0.000000,-0.008547,0.020871,-0.021271,-0.001709,-0.000191,0.014652,5.0000,0.1000
1.980041,0.000000,0.025641,0.022302,-0.041365,0.005128,-0.000191,-0.043956,5.0000,0.1000
1.990174,0.000000,0.025641,0.023304,-0.041365,0.005128,-0.000191,0.004884,5.0000,0.1000
2.001598,0.000000,0.025641,0.024005,-0.046460,0.005128,-0.000191,0.014652,5.0000,0.1000
2.010306,0.000000,-0.111111,-0.016530,-0.048043,-0.022222,0.000191,0.122100,5.0000,0.1000
2.020883,0.000000,-0.008547,-0.014135,-0.048043,-0.001709,-0.000191,0.024420,5.0000,0.1000
2.031429,0.000000,-0.094017,-0.038100,-0.018226,-0.018803,-0.000191,-0.063492,5.0000,0.1000
2.040849,0.000000,0.008547,-0.024106,-0.033310,0.001709,-0.000191,-0.102564,5.0000,0.1000
2.050000,0.000000,0.025641,-0.009182,-0.033310,0.005128,-0.000191,-0.004884,5.0000,0.1000
2.060164,0.000000,-0.076923,-0.029504,-0.043696,-0.015385,-0.000191,0.024420,5.0000,0.1000
2.070305,0.000000,0.059829,-0.002704,-0.052773,0.011966,-0.000191,-0.024420,5.0000,0.1000
2.080204,0.000000,-0.145299,-0.045483,-0.052773,-0.029060,-0.000191,0.014652,5.0000,0.1000
2.090688,0.000000,-0.128205,-0.070299,-0.036828,-0.025641,-0.000191,-0.083028,5.0000,0.1000
2.100458,0.000000,0.008547,-0.046645,-0.019227,0.001709,-0.000191,0.014652,5.0000,0.1000
2.110000,0.000000,0.025641,-0.024960,-0.019227,0.005128,-0.000191,-0.043956,5.0000,0.1000
2.120032,0.000000,-0.025641,-0.025164,-0.036430,-0.005128,-0.000191,0.063492,5.0000,0.1000
2.130209,0.000000,0.008547,-0.015051,-0.047575,0.001709,-0.000191,-0.014652,5.0000,0.1000
2.140411,0.000000,-0.008547,-0.013100,-0.047575,-0.001709,-0.000191,-0.083028,5.0000,0.1000
2.150021,0.000000,0.008547,-0.006606,-0.048077,0.001709,-0.000191,-0.043956,5.0000,0.1000
2.160445,0.000000,-0.076923,-0.027701,-0.048077,-0.015385,-0.000191,-0.141636,5.0000,0.1000
2.170933,0.000000,0.008547,-0.016826,-0.021668,0.001709,-0.000191,-0.131868,5.0000,0.1000
2.180521,0.000000,-0.179487,-0.065625,-0.030750,-0.035897,-0.000191,0.024420,5.0000,0.1000
2.190841,0.000000,0.025641,-0.038245,-0.030750,0.005128,-0.000191,-0.014652,5.0000,0.1000
2.200000,0.000000,-0.059829,-0.044720,-0.034585,-0.011966,-0.000191,0.053724,5.0000,0.1000
2.211437,0.000000,-0.094017,-0.059509,-0.041825,-0.018803,-0.000191,0.102564,5.0000,0.1000
2.220000,0.000000,-0.025641,-0.049349,-0.041825,-0.005128,-0.000191,-0.004884,5.0000,0.1000
2.230000,0.000000,0.076923,-0.011467,-0.031323,0.015385,-0.000191,-0.151404,5.0000,0.1000
2.240000,0.000000,0.025641,-0.000335,-0.031323,0.005128,0.000191,0.141636,5.0000,0.1000
2.251424,0.000000,-0.145299,-0.043824,-0.015190,-0.029060,0.000191,0.122100,5.0000,0.1000
2.260096,0.000000,-0.042735,-0.043497,-0.038934,-0.008547,-0.000191,-0.063492,5.0000,0.1000
2.270474,0.000000,0.008547,-0.027884,-0.038934,0.001709,-0.000191,0.063492,5.0000,0.1000
2.280078,0.000000,0.094017,0.008686,-0.044764,0.018803,-0.000191,0.053724,5.0000,0.1000
2.290240,0.000000,-0.162393,-0.042638,-0.054204,-0.032479,-0.000191,0.014652,5.0000,0.1000
2.300000,0.000000,-0.059829,-0.047795,-0.054204,-0.011966,-0.000191,-0.053724,5.0000,0.1000
2.310035,0.000000,0.025641,-0.025764,-0.029042,0.005128,-0.000191,-0.043956,5.0000,0.1000
2.320050,0.000000,0.008547,-0.015471,-0.025289,0.001709,-0.000191,-0.073260,5.0000,0.1000
2.330301,0.000000,0.076923,0.012247,-0.045099,0.015385,-0.000191,0.014652,5.0000,0.1000
2.341692,0.000000,0.025641,0.016265,-0.045099,0.005128,-0.000191,0.004884,5.0000,0.1000
2.351544,0.000000,0.008547,0.013950,-0.051905,0.001709,-0.000191,-0.151404,5.0000,0.1000
2.361478,0.000000,0.008547,0.012329,-0.051905,0.001709,-0.000191,0.053724,5.0000,0.1000
2.370004,0.000000,0.008547,0.011194,-0.044912,0.001709,-0.000191,0.053724,5.0000,0.1000
2.380000,0.000000,0.042735,0.020657,-0.044912,0.008547,-0.000191,0.053724,5.0000,0.1000
2.390000,0.000000,0.008547,0.017024,-0.017663,0.001709,-0.000191,-0.004884,5.0000,0.1000
2.400000,0.000000,0.008547,0.014481,-0.029822,0.001709,-0.000191,0.053724,5.0000,0.1000
2.410234,0.000000,0.025641,0.017829,-0.029822,0.005128,-0.000191,0.043956,5.0000,0.1000
2.420536,0.000000,-0.076923,-0.010597,-0.044093,-0.015385,-0.000191,-0.083028,5.0000,0.1000
2.430197,0.000000,-0.076923,-0.030495,-0.053732,-0.015385,-0.000191,-0.004884,5.0000,0.1000
2.440489,0.000000,-0.008547,-0.023910,-0.053732,-0.001709,-0.000191,-0.063492,5.0000,0.1000
2.450349,0.000000,-0.076923,-0.039814,-0.032073,-0.015385,-0.000191,-0.073260,5.0000,0.1000
2.460000,0.000000,0.059829,-0.009921,-0.019605,0.011966,-0.000191,0.043956,5.0000,0.1000
2.470000,0.000000,-0.042735,-0.019765,-0.019605,-0.008547,0.000191,0.092796,5.0000,0.1000
2.481146,0.000000,-0.094017,-0.042041,-0.040428,-0.018803,-0.000191,0.043956,5.0000,0.1000
2.490445,0.000000,0.008547,-0.026865,-0.049919,0.001709,-0.000191,0.073260,5.0000,0.1000
2.500326,0.000000,-0.076923,-0.041882,-0.049919,-0.015385,-0.000191,0.063492,5.0000,0.1000
2.510233,0.000000,-0.042735,-0.042138,-0.047732,-0.008547,-0.000191,0.024420,5.0000,0.1000
2.520754,0.000000,0.008547,-0.026932,-0.017954,0.001709,-0.000191,-0.004884,5.0000,0.1000
2.530172,0.000000,0.008547,-0.016289,-0.017954,0.001709,-0.000191,-0.083028,5.0000,0.1000
2.540218,0.000000,-0.059829,-0.029351,-0.031855,-0.011966,-0.000191,-0.014652,5.0000,0.1000
2.550272,0.000000,-0.128205,-0.059007,-0.031855,-0.025641,-0.000191,0.004884,5.0000,0.1000
2.560000,0.000000,-0.042735,-0.054125,-0.043224,-0.008547,-0.000191,-0.014652,5.0000,0.1000
2.571552,0.000000,-0.059829,-0.055837,-0.048548,-0.011966,-0.000191,0.004884,5.0000,0.1000
2.580426,0.000000,-0.094017,-0.067291,-0.029535,-0.018803,-0.000191,-0.083028,5.0000,0.1000
2.591568,0.000000,-0.094017,-0.075309,-0.029535,-0.018803,-0.000191,0.053724,5.0000,0.1000
2.600249,0.000000,0.042735,-0.039896,-0.016125,0.008547,-0.000191,-0.092796,5.0000,0.1000
2.610018,0.000000,-0.008547,-0.030491,-0.016125,-0.001709,-0.000191,0.073260,5.0000,0.1000
2.620027,0.000000,-0.008547,-0.023908,-0.039785,-0.001709,-0.000191,0.092796,5.0000,0.1000
2.630295,0.000000,0.008547,-0.014171,-0.043774,0.001709,-0.000191,-0.014652,5.0000,0.1000
2.640634,0.000000,-0.025641,-0.017612,-0.043774,-0.005128,-0.000191,-0.151404,5.0000,0.1000
2.651625,0.000000,0.059829,0.005620,-0.047922,0.011966,-0.000191,-0.004884,5.0000,0.1000
2.660922,0.000000,0.042735,0.016755,-0.017738,0.008547,-0.000191,-0.083028,5.0000,0.1000
2.671336,0.000000,0.042735,0.024549,-0.017738,0.008547,-0.000191,0.034188,5.0000,0.1000
2.680072,0.000000,-0.025641,0.009492,-0.025923,-0.005128,-0.000191,0.024420,5.0000,0.1000
2.690138,0.000000,0.008547,0.009208,-0.029841,0.001709,-0.000191,0.014652,5.0000,0.1000
2.700144,0.000000,0.111111,0.039779,-0.029841,0.022222,-0.000191,-0.073260,5.0000,0.1000
2.710160,0.000000,-0.213675,-0.036257,-0.048965,-0.042735,-0.000191,-0.112332,5.0000,0.1000
2.722671,0.000000,0.059829,-0.007431,-0.035479,0.011966,-0.000191,-0.024420,5.0000,0.1000
2.730953,0.000000,-0.162393,-0.053920,-0.035479,-0.032479,-0.000191,0.053724,5.0000,0.1000
2.741464,0.000000,-0.076923,-0.060821,-0.015170,-0.015385,-0.000191,0.063492,5.0000,0.1000
2.750001,0.000000,-0.008547,-0.045139,-0.015170,-0.001709,-0.000191,-0.083028,5.0000,0.1000
2.760000,0.000000,0.059829,-0.013648,-0.033612,0.011966,-0.000191,0.014652,5.0000,0.1000
2.770291,0.000000,0.008547,-0.006990,-0.041008,0.001709,-0.000191,-0.024420,5.0000,0.1000
2.780355,0.000000,-0.059829,-0.022842,-0.049615,-0.011966,-0.000191,0.024420,5.0000,0.1000
2.792157,0.000000,-0.111111,-0.049322,-0.049615,-0.022222,-0.000191,0.034188,5.0000,0.1000
2.800903,0.000000,0.042735,-0.021705,-0.028448,0.008547,-0.000191,0.014652,5.0000,0.1000
2.810811,0.000000,-0.042735,-0.028014,-0.023681,-0.008547,-0.000191,0.034188,5.0000,0.1000
2.820271,0.000000,0.025641,-0.011918,-0.023681,0.005128,0.000191,0.102564,5.0000,0.1000
2.830243,0.000000,-0.008547,-0.010906,-0.040306,-0.001709,0.000191,0.083028,5.0000,0.1000
2.840281,0.000000,-0.059829,-0.025583,-0.040306,-0.011966,-0.000191,-0.014652,5.0000,0.1000
2.850498,0.000000,-0.042735,-0.030729,-0.046947,-0.008547,-0.000191,0.043956,5.0000,0.1000
2.861950,0.000000,-0.059829,-0.039459,-0.044268,-0.011966,-0.000191,-0.034188,5.0000,0.1000
2.870584,0.000000,0.042735,-0.014801,-0.044268,0.008547,-0.000191,0.073260,5.0000,0.1000
2.881155,0.000000,0.042735,0.002460,-0.017985,0.008547,-0.000191,-0.073260,5.0000,0.1000
2.890000,0.000000,0.025641,0.009414,-0.017985,0.005128,-0.000191,0.043956,5.0000,0.1000
2.900082,0.000000,-0.008547,0.004026,-0.034801,-0.001709,-0.000191,-0.034188,5.0000,0.1000
2.910182,0.000000,-0.042735,-0.010002,-0.038672,-0.008547,-0.000191,0.034188,5.0000,0.1000
2.920977,0.000000,-0.025641,-0.014694,-0.050664,-0.005128,-0.000191,0.014652,5.0000,0.1000
2.930079,0.000000,-0.008547,-0.012850,-0.050664,-0.001709,-0.000191,-0.083028,5.0000,0.1000
2.940185,0.000000,-0.059829,-0.026944,-0.024235,-0.011966,-0.000191,-0.004884,5.0000,0.1000
2.950614,0.000000,-0.094017,-0.047066,-0.019992,-0.018803,-0.000191,-0.024420,5.0000,0.1000
2.960000,0.000000,-0.059829,-0.050895,-0.019992,-0.011966,-0.000191,0.063492,5.0000,0.1000
2.970000,0.000000,-0.025641,-0.043319,-0.038520,-0.005128,-0.000191,-0.043956,5.0000,0.1000
2.980245,0.000000,-0.025641,-0.038015,-0.042854,-0.005128,-0.000191,0.073260,5.0000,0.1000
2.990461,0.000000,-0.094017,-0.054816,-0.042854,-0.018803,-0.000191,-0.043956,5.0000,0.1000
3.001783,0.000000,-0.076923,-0.061448,-0.047113,-0.015385,-0.000191,0.073260,5.0000,0.1000
3.010000,0.000000,-0.076923,-0.066091,-0.047113,-0.015385,-0.000191,-0.092796,5.0000,0.1000
3.020165,0.000000,-0.094017,-0.074469,-0.019869,-0.018803,-0.000191,-0.161172,5.0000,0.1000
3.030388,0.000000,0.042735,-0.039307,-0.027566,0.008547,-0.000191,-0.043956,5.0000,0.1000
3.040035,0.000000,-0.076923,-0.050592,-0.027566,-0.015385,-0.000191,0.004884,5.0000,0.1000
3.050034,0.000000,-0.059829,-0.053363,-0.038978,-0.011966,-0.000191,0.034188,5.0000,0.1000
3.060721,0.000000,-0.025641,-0.045047,-0.051321,-0.005128,-0.000191,-0.190476,5.0000,0.1000
3.073021,0.000000,-0.179487,-0.085379,-0.051321,-0.035897,-0.000191,-0.043956,5.0000,0.1000
3.081574,0.000000,0.008547,-0.057201,-0.038846,0.001709,-0.000191,0.024420,5.0000,0.1000
3.090258,0.000000,-0.042735,-0.052861,-0.009244,-0.008547,0.000191,0.083028,5.0000,0.1000
3.100097,0.000000,-0.025641,-0.044695,-0.009244,-0.005128,-0.000191,-0.073260,5.0000,0.1000
3.110084,0.000000,-0.094017,-0.059492,-0.034067,-0.018803,-0.000191,-0.122100,5.0000,0.1000
3.121508,0.000000,-0.008547,-0.044208,-0.047168,-0.001709,-0.000191,0.043956,5.0000,0.1000
3.130616,0.000000,0.042735,-0.018125,-0.047168,0.008547,-0.000191,0.014652,5.0000,0.1000
3.143514,0.000000,0.025641,-0.004995,-0.049938,0.005128,-0.000191,-0.063492,5.0000,0.1000
3.150067,0.000000,-0.059829,-0.021446,-0.049938,-0.011966,-0.000191,0.063492,5.0000,0.1000
3.160193,0.000000,-0.008547,-0.017576,-0.024751,-0.001709,-0.000191,-0.024420,5.0000,0.1000
3.170129,0.000000,0.059829,0.005646,-0.020513,0.011966,0.000191,0.122100,5.0000,0.1000
3.180407,0.000000,0.042735,0.016772,-0.020513,0.008547,-0.000191,0.073260,5.0000,0.1000
3.190000,0.000000,-0.025641,0.004048,-0.040815,-0.005128,-0.000191,-0.112332,5.0000,0.1000
3.200360,0.000000,-0.111111,-0.030499,-0.054507,-0.022222,-0.000191,-0.063492,5.0000,0.1000
3.210342,0.000000,0.008547,-0.018786,-0.054507,0.001709,-0.000191,-0.063492,5.0000,0.1000
3.220110,0.000000,-0.076923,-0.036227,-0.041259,-0.015385,-0.000191,-0.102564,5.0000,0.1000
3.230855,0.000000,-0.145299,-0.068948,-0.014568,-0.029060,-0.000191,0.024420,5.0000,0.1000
3.240325,0.000000,-0.059829,-0.066213,-0.014568,-0.011966,-0.000191,-0.043956,5.0000,0.1000
3.250000,0.000000,-0.111111,-0.079682,-0.032958,-0.022222,0.000191,0.063492,5.0000,0.1000
3.260000,0.000000,0.059829,-0.037829,-0.032958,0.011966,-0.000191,-0.004884,5.0000,0.1000
3.270833,0.000000,0.042735,-0.013660,-0.041206,0.008547,0.000191,0.131868,5.0000,0.1000
3.285094,0.000000,0.059829,0.008387,-0.049485,0.011966,-0.000191,0.043956,5.0000,0.1000
3.290482,0.000000,-0.008547,0.003307,-0.049485,-0.001709,-0.000191,0.083028,5.0000,0.1000
3.300203,0.000000,0.025641,0.010007,-0.030581,0.005128,-0.000191,-0.004884,5.0000,0.1000
3.310041,0.000000,-0.025641,-0.000687,-0.030581,-0.005128,-0.000191,-0.043956,5.0000,0.1000
3.320183,0.000000,0.008547,0.002083,-0.016984,0.001709,-0.000191,0.014652,5.0000,0.1000
3.330237,0.000000,0.042735,0.014279,-0.037123,0.008547,-0.000191,-0.004884,5.0000,0.1000
3.340573,0.000000,0.076923,0.033072,-0.047362,0.015385,-0.000191,-0.014652,5.0000,0.1000
3.351171,0.000000,0.042735,0.035971,-0.047362,0.008547,-0.000191,-0.004884,5.0000,0.1000
3.360872,0.000000,0.042735,0.038000,-0.048155,0.008547,0.000191,0.131868,5.0000,0.1000
3.370850,0.000000,-0.025641,0.018908,-0.015587,-0.005128,-0.000191,-0.004884,5.0000,0.1000
3.380225,0.000000,-0.042735,0.000415,-0.015587,-0.008547,-0.000191,-0.004884,5.0000,0.1000
3.390211,0.000000,-0.059829,-0.017658,-0.031438,-0.011966,0.000191,0.102564,5.0000,0.1000
3.400251,0.000000,-0.076923,-0.035438,-0.031438,-0.015385,-0.000191,0.024420,5.0000,0.1000
3.410532,0.000000,-0.025641,-0.032499,-0.040982,-0.005128,-0.000191,0.034188,5.0000,0.1000
3.422903,0.000000,0.076923,0.000328,-0.052592,0.015385,-0.000191,0.043956,5.0000,0.1000
3.430502,0.000000,-0.059829,-0.017719,-0.052592,-0.011966,-0.000191,0.063492,5.0000,0.1000
3.440177,0.000000,-0.025641,-0.020096,-0.033830,-0.005128,-0.000191,-0.024420,5.0000,0.1000
3.450922,0.000000,0.076923,0.009010,-0.015976,0.015385,-0.000191,-0.073260,5.0000,0.1000
3.460000,0.000000,0.025641,0.013999,-0.015976,0.005128,-0.000191,-0.112332,5.0000,0.1000
3.470000,0.000000,-0.059829,-0.008149,-0.035564,-0.011966,-0.000191,0.053724,5.0000,0.1000
3.480000,0.000000,0.111111,0.027629,-0.035564,0.022222,-0.000191,0.014652,5.0000,0.1000
3.490308,0.000000,0.025641,0.027033,-0.046390,0.005128,-0.000191,0.014652,5.0000,0.1000
3.500000,0.000000,0.042735,0.031743,-0.045354,0.008547,-0.000191,-0.141636,5.0000,0.1000
3.510317,0.000000,-0.076923,-0.000857,-0.017090,-0.015385,-0.000191,-0.102564,5.0000,0.1000
3.522792,0.000000,-0.094017,-0.028805,-0.017090,-0.018803,-0.000191,0.004884,5.0000,0.1000
3.530057,0.000000,-0.094017,-0.048368,-0.026455,-0.018803,-0.000191,0.034188,5.0000,0.1000
3.540068,0.000000,-0.008547,-0.036422,-0.026455,-0.001709,-0.000191,-0.004884,5.0000,0.1000
3.550089,0.000000,-0.076923,-0.048572,-0.038247,-0.015385,-0.000191,-0.004884,5.0000,0.1000
3.561578,0.000000,-0.094017,-0.062206,-0.049891,-0.018803,-0.000191,0.043956,5.0000,0.1000
3.570316,0.000000,-0.111111,-0.076877,-0.049891,-0.022222,-0.000191,-0.014652,5.0000,0.1000
3.580451,0.000000,-0.076923,-0.076891,-0.037722,-0.015385,-0.000191,-0.004884,5.0000,0.1000
3.590851,0.000000,-0.008547,-0.056388,-0.014547,-0.001709,-0.000191,0.063492,5.0000,0.1000
3.600019,0.000000,-0.059829,-0.057420,-0.014547,-0.011966,-0.000191,0.043956,5.0000,0.1000
3.610000,0.000000,0.008547,-0.037630,-0.034484,0.001709,-0.000191,-0.024420,5.0000,0.1000
3.620000,0.000000,-0.042735,-0.039162,-0.034484,-0.008547,0.000191,0.092796,5.0000,0.1000
3.630000,0.000000,0.042735,-0.014593,-0.044016,0.008547,-0.000191,0.073260,5.0000,0.1000
3.640836,0.000000,-0.076923,-0.033292,-0.053717,-0.015385,-0.000191,0.063492,5.0000,0.1000
3.651802,0.000000,0.025641,-0.015612,-0.053717,0.005128,-0.000191,-0.014652,5.0000,0.1000
3.660371,0.000000,-0.059829,-0.028877,-0.026802,-0.011966,-0.000191,-0.034188,5.0000,0.1000
3.670303,0.000000,0.025641,-0.012522,-0.026802,0.005128,-0.000191,-0.043956,5.0000,0.1000
3.680251,0.000000,0.076923,0.014312,-0.026802,0.015385,-0.000191,-0.034188,5.0000,0.1000
3.690311,0.000000,-0.042735,-0.002802,-0.019576,-0.008547,-0.000191,-0.004884,5.0000,0.1000
3.701185,0.000000,-0.025641,-0.009654,-0.037455,-0.005128,-0.000191,-0.034188,5.0000,0.1000
3.710297,0.000000,-0.008547,-0.009322,-0.037455,-0.001709,-0.000191,-0.112332,5.0000,0.1000
3.721930,0.000000,-0.025641,-0.014218,-0.047425,-0.005128,-0.000191,-0.034188,5.0000,0.1000
3.730302,0.000000,-0.128205,-0.048414,-0.043468,-0.025641,-0.000191,-0.083028,5.0000,0.1000
3.740840,0.000000,0.025641,-0.026197,-0.043468,0.005128,-0.000191,-0.004884,5.0000,0.1000
3.750007,0.000000,0.025641,-0.010646,-0.013146,0.005128,-0.000191,0.004884,5.0000,0.1000
3.760000,0.000000,0.008547,-0.004888,-0.013146,0.001709,-0.000191,-0.004884,5.0000,0.1000
3.770000,0.000000,-0.094017,-0.031627,-0.034621,-0.018803,-0.000191,-0.004884,5.0000,0.1000
3.780000,0.000000,-0.059829,-0.040087,-0.042112,-0.011966,-0.000191,-0.004884,5.0000,0.1000
3.790681,0.000000,0.025641,-0.020369,-0.050430,0.005128,-0.000191,-0.034188,5.0000,0.1000
3.801386,0.000000,0.008547,-0.011694,-0.050430,0.001709,-0.000191,-0.014652,5.0000,0.1000
3.811101,0.000000,0.042735,0.004635,-0.029520,0.008547,-0.000191,-0.004884,5.0000,0.1000
3.820092,0.000000,-0.059829,-0.014704,-0.029520,-0.011966,-0.000191,0.073260,5.0000,0.1000
3.830178,0.000000,-0.008547,-0.012857,-0.022844,-0.001709,-0.000191,0.043956,5.0000,0.1000
3.840310,0.000000,-0.094017,-0.037205,-0.040981,-0.018803,-0.000191,-0.083028,5.0000,0.1000
3.852883,0.000000,0.059829,-0.008095,-0.039828,0.011966,-0.000191,-0.063492,5.0000,0.1000
3.860914,0.000000,-0.042735,-0.018487,-0.039828,-0.008547,-0.000191,-0.004884,5.0000,0.1000
3.872144,0.000000,-0.094017,-0.041146,-0.046053,-0.018803,-0.000191,-0.004884,5.0000,0.1000
3.881163,0.000000,-0.025641,-0.036495,-0.046053,-0.005128,-0.000191,0.034188,5.0000,0.1000
3.890885,0.000000,-0.059829,-0.043495,-0.010986,-0.011966,-0.000191,0.014652,5.0000,0.1000
3.900180,0.000000,-0.059829,-0.048395,-0.010986,-0.011966,-0.000191,0.024420,5.0000,0.1000
3.910316,0.000000,0.025641,-0.026184,-0.028384,0.005128,0.000191,0.092796,5.0000,0.1000
3.920000,0.000000,-0.042735,-0.031150,-0.039859,-0.008547,-0.000191,-0.063492,5.0000,0.1000
3.930522,0.000000,-0.008547,-0.024369,-0.045523,-0.001709,0.000191,0.122100,5.0000,0.1000
3.940251,0.000000,-0.025641,-0.024750,-0.045523,-0.005128,-0.000191,0.102564,5.0000,0.1000
3.950216,0.000000,0.042735,-0.004505,-0.034242,0.008547,-0.000191,0.063492,5.0000,0.1000
3.960382,0.000000,-0.111111,-0.036487,-0.034242,-0.022222,-0.000191,-0.004884,5.0000,0.1000
3.970932,0.000000,0.076923,-0.002464,-0.016910,0.015385,-0.000191,0.043956,5.0000,0.1000
3.980267,0.000000,-0.008547,-0.004289,-0.037060,-0.001709,-0.000191,-0.092796,5.0000,0.1000
3.990224,0.000000,-0.076923,-0.026079,-0.037060,-0.015385,-0.000191,-0.024420,5.0000,0.1000
4.000235,0.000000,0.008547,-0.015691,-0.043999,0.001709,-0.000191,-0.053724,5.0000,0.1000
4.010301,0.000000,0.025641,-0.003292,-0.050885,0.005128,-0.000191,0.043956,5.0000,0.1000
4.021142,0.000000,0.094017,0.025901,-0.050885,0.018803,-0.000191,-0.024420,5.0000,0.1000
4.030000,0.000000,0.008547,0.020695,-0.020647,0.001709,-0.000191,0.004884,5.0000,0.1000
4.041614,0.000000,-0.059829,-0.003462,-0.027667,-0.011966,-0.000191,0.063492,5.0000,0.1000
4.050176,0.000000,-0.042735,-0.015244,-0.027667,-0.008547,-0.000191,0.004884,5.0000,0.1000
4.060000,0.000000,-0.008547,-0.013235,-0.041217,-0.001709,-0.000191,-0.034188,5.0000,0.1000
4.070025,0.000000,-0.111111,-0.042598,-0.041217,-0.022222,-0.000191,-0.004884,5.0000,0.1000
4.081447,0.000000,-0.111111,-0.063152,-0.052374,-0.022222,-0.000191,-0.024420,5.0000,0.1000
4.090287,0.000000,-0.025641,-0.051899,-0.038165,-0.005128,-0.000191,0.073260,5.0000,0.1000
4.100763,0.000000,0.025641,-0.028637,-0.038165,0.005128,-0.000191,-0.083028,5.0000,0.1000
4.110666,0.000000,-0.076923,-0.043123,-0.010038,-0.015385,-0.000191,0.063492,5.0000,0.1000
4.120148,0.000000,0.059829,-0.012237,-0.039066,0.011966,-0.000191,-0.053724,5.0000,0.1000
4.130276,0.000000,-0.008547,-0.011130,-0.039066,-0.001709,-0.000191,-0.063492,5.0000,0.1000
4.140000,0.000000,-0.042735,-0.020612,-0.043519,-0.008547,-0.000191,0.112332,5.0000,0.1000
4.150000,0.000000,0.059829,0.003521,-0.043519,0.011966,-0.000191,0.014652,5.0000,0.1000
4.160176,0.000000,0.059829,0.020413,-0.051182,0.011966,-0.000191,-0.014652,5.0000,0.1000
4.171300,0.000000,-0.128205,-0.024172,-0.025331,-0.025641,-0.000191,-0.112332,5.0000,0.1000
4.181261,0.000000,-0.076923,-0.039998,-0.023234,-0.015385,-0.000191,-0.024420,5.0000,0.1000
4.190187,0.000000,0.059829,-0.010050,-0.023234,0.011966,-0.000191,0.083028,5.0000,0.1000
4.201736,0.000000,-0.042735,-0.019855,-0.034395,-0.008547,-0.000191,-0.004884,5.0000,0.1000
4.210002,0.000000,-0.025641,-0.021591,-0.034395,-0.005128,-0.000191,0.073260,5.0000,0.1000
4.220000,0.000000,-0.008547,-0.017678,-0.047301,-0.001709,-0.000191,0.034188,5.0000,0.1000
4.230030,0.000000,-0.196581,-0.071349,-0.047342,-0.039316,-0.000191,-0.131868,5.0000,0.1000
4.240379,0.000000,-0.076923,-0.073021,-0.047342,-0.015385,-0.000191,-0.151404,5.0000,0.1000
4.250447,0.000000,-0.008547,-0.053679,-0.016404,-0.001709,-0.000191,-0.024420,5.0000,0.1000
4.260482,0.000000,-0.076923,-0.060652,-0.024690,-0.015385,-0.000191,-0.014652,5.0000,0.1000
4.270241,0.000000,-0.025641,-0.050149,-0.024690,-0.005128,-0.000191,-0.043956,5.0000,0.1000
4.280522,0.000000,0.059829,-0.017155,-0.041579,0.011966,-0.000191,0.043956,5.0000,0.1000
4.290255,0.000000,0.059829,0.005940,-0.041579,0.011966,-0.000191,0.102564,5.0000,0.1000
4.300000,0.000000,-0.059829,-0.013791,-0.052002,-0.011966,-0.000191,-0.024420,5.0000,0.1000
4.310203,0.000000,-0.094017,-0.037859,-0.031584,-0.018803,-0.000191,0.004884,5.0000,0.1000
4.321783,0.000000,-0.008547,-0.029065,-0.016895,-0.001709,-0.000191,-0.122100,5.0000,0.1000
4.330444,0.000000,-0.008547,-0.022910,-0.016895,-0.001709,-0.000191,0.043956,5.0000,0.1000
4.340671,0.000000,0.008547,-0.013473,-0.040629,0.001709,-0.000191,0.024420,5.0000,0.1000
4.350323,0.000000,-0.042735,-0.022251,-0.040629,-0.008547,-0.000191,0.034188,5.0000,0.1000
4.360126,0.000000,-0.076923,-0.038653,-0.046088,-0.015385,-0.000191,0.004884,5.0000,0.1000
4.370029,0.000000,0.008547,-0.024493,-0.048680,0.001709,-0.000191,0.014652,5.0000,0.1000
4.380219,0.000000,0.008547,-0.014581,-0.048680,0.001709,-0.000191,0.043956,5.0000,0.1000
4.391134,0.000000,-0.025641,-0.017899,-0.020913,-0.005128,-0.000191,-0.083028,5.0000,0.1000
4.400737,0.000000,-0.059829,-0.030478,-0.029527,-0.011966,-0.000191,0.043956,5.0000,0.1000
4.410015,0.000000,-0.076923,-0.044412,-0.029527,-0.015385,-0.000191,-0.004884,5.0000,0.1000
4.420444,0.000000,0.025641,-0.023396,-0.041495,0.005128,-0.000191,-0.083028,5.0000,0.1000
4.430228,0.000000,-0.008547,-0.018941,-0.048606,-0.001709,-0.000191,-0.004884,5.0000,0.1000
4.440000,0.000000,0.042735,-0.000438,-0.048606,0.008547,-0.000191,0.043956,5.0000,0.1000
4.450059,0.000000,-0.076923,-0.023384,-0.038308,-0.015385,-0.000191,-0.092796,5.0000,0.1000
4.461343,0.000000,0.025641,-0.008676,-0.016124,0.005128,-0.000191,0.014652,5.0000,0.1000
4.470074,0.000000,0.025641,0.001619,-0.016124,0.005128,0.000191,0.073260,5.0000,0.1000
4.481458,0.000000,-0.008547,-0.001431,-0.039269,-0.001709,-0.000191,-0.014652,5.0000,0.1000
4.490154,0.000000,-0.025641,-0.008694,-0.039269,-0.005128,-0.000191,0.034188,5.0000,0.1000
4.500990,0.000000,-0.042735,-0.018906,-0.043339,-0.008547,-0.000191,-0.063492,5.0000,0.1000
4.510000,0.000000,-0.008547,-0.015798,-0.046506,-0.001709,-0.000191,0.063492,5.0000,0.1000
4.520069,0.000000,0.042735,0.001762,-0.046506,0.008547,-0.000191,-0.004884,5.0000,0.1000
4.530114,0.000000,-0.025641,-0.006459,-0.023140,-0.005128,0.000191,0.161172,5.0000,0.1000
4.540772,0.000000,-0.059829,-0.022470,-0.027015,-0.011966,-0.000191,-0.073260,5.0000,0.1000
4.550871,0.000000,-0.076923,-0.038806,-0.040153,-0.015385,-0.000191,0.043956,5.0000,0.1000
4.561111,0.000000,-0.008547,-0.029728,-0.040153,-0.001709,-0.000191,-0.063492,5.0000,0.1000
4.570181,0.000000,0.042735,-0.007989,-0.041643,0.008547,-0.000191,-0.034188,5.0000,0.1000
4.580295,0.000000,0.025641,0.002100,-0.041643,0.005128,-0.000191,0.063492,5.0000,0.1000
4.590118,0.000000,0.008547,0.004034,-0.036152,0.001709,-0.000191,-0.063492,5.0000,0.1000
4.600115,0.000000,-0.042735,-0.009997,-0.036152,-0.008547,-0.000191,0.014652,5.0000,0.1000
4.610159,0.000000,-0.111111,-0.040331,-0.013606,-0.022222,-0.000191,-0.102564,5.0000,0.1000
4.620280,0.000000,-0.042735,-0.041052,-0.034073,-0.008547,-0.000191,-0.004884,5.0000,0.1000
4.631655,0.000000,-0.025641,-0.036429,-0.042738,-0.005128,-0.000191,-0.024420,5.0000,0.1000
4.640371,0.000000,0.059829,-0.007552,-0.042738,0.011966,-0.000191,0.043956,5.0000,0.1000
4.650000,0.000000,-0.111111,-0.038619,-0.051723,-0.022222,-0.000191,0.073260,5.0000,0.1000
4.660009,0.000000,-0.008547,-0.029598,-0.051723,-0.001709,-0.000191,-0.004884,5.0000,0.1000
4.670015,0.000000,-0.042735,-0.033539,-0.027559,-0.008547,-0.000191,0.043956,5.0000,0.1000
4.680234,0.000000,-0.094017,-0.051682,-0.024718,-0.018803,-0.000191,-0.034188,5.0000,0.1000
4.691252,0.000000,-0.008547,-0.038742,-0.042225,-0.001709,0.000191,0.102564,5.0000,0.1000
4.700392,0.000000,-0.008547,-0.029683,-0.042225,-0.001709,-0.000191,0.043956,5.0000,0.1000
4.710507,0.000000,0.008547,-0.018214,-0.050790,0.001709,-0.000191,0.004884,5.0000,0.1000
4.720262,0.000000,-0.145299,-0.056340,-0.050790,-0.029060,-0.000191,-0.063492,5.0000,0.1000
4.730244,0.000000,-0.025641,-0.047130,-0.041302,-0.005128,-0.000191,-0.092796,5.0000,0.1000
4.740195,0.000000,-0.008547,-0.035555,-0.041302,-0.001709,-0.000191,-0.004884,5.0000,0.1000
4.750204,0.000000,-0.008547,-0.027453,-0.015128,-0.001709,-0.000191,-0.014652,5.0000,0.1000
4.760261,0.000000,-0.111111,-0.052550,-0.033562,-0.022222,-0.000191,-0.083028,5.0000,0.1000
4.771397,0.000000,-0.145299,-0.080375,-0.039690,-0.029060,-0.000191,0.043956,5.0000,0.1000
4.781030,0.000000,-0.179487,-0.110109,-0.039690,-0.035897,-0.000191,0.034188,5.0000,0.1000
4.790468,0.000000,-0.042735,-0.089897,-0.044692,-0.008547,-0.000191,0.014652,5.0000,0.1000
4.800000,0.000000,-0.076923,-0.086004,-0.022773,-0.015385,-0.000191,0.014652,5.0000,0.1000
4.810054,0.000000,-0.076923,-0.083280,-0.022773,-0.015385,-0.000191,-0.004884,5.0000,0.1000
4.820074,0.000000,-0.094017,-0.086501,-0.018711,-0.018803,-0.000191,-0.131868,5.0000,0.1000
4.830072,0.000000,-0.059829,-0.078500,-0.018711,-0.011966,-0.000191,0.024420,5.0000,0.1000
4.840420,0.000000,-0.008547,-0.057514,-0.037431,-0.001709,-0.000191,-0.014652,5.0000,0.1000
4.850423,0.000000,-0.076923,-0.063337,-0.046983,-0.015385,-0.000191,0.004884,5.0000,0.1000
4.860164,0.000000,-0.111111,-0.077669,-0.046983,-0.022222,-0.000191,-0.004884,5.0000,0.1000
4.870232,0.000000,0.008547,-0.051804,-0.049245,0.001709,-0.000191,0.034188,5.0000,0.1000
4.880857,0.000000,-0.094017,-0.064468,-0.020349,-0.018803,-0.000191,0.063492,5.0000,0.1000
4.890000,0.000000,-0.111111,-0.078461,-0.020349,-0.022222,-0.000191,0.063492,5.0000,0.1000
4.900227,0.000000,-0.076923,-0.078000,-0.028090,-0.015385,-0.000191,-0.083028,5.0000,0.1000
4.912025,0.000000,0.025641,-0.046907,-0.039756,0.005128,-0.000191,-0.043956,5.0000,0.1000
4.920000,0.000000,-0.042735,-0.045656,-0.039756,-0.008547,-0.000191,-0.102564,5.0000,0.1000
4.932832,0.000000,-0.008547,-0.034523,-0.053514,-0.001709,-0.000191,0.053724,5.0000,0.1000
4.940535,0.000000,0.042735,-0.011346,-0.038443,0.008547,-0.000191,-0.063492,5.0000,0.1000
4.950030,0.000000,-0.076923,-0.031019,-0.038443,-0.015385,-0.000191,0.024420,5.0000,0.1000
4.960004,0.000000,-0.076923,-0.044790,-0.016956,-0.015385,-0.000191,0.043956,5.0000,0.1000
4.970000,0.000000,0.025641,-0.023661,-0.016956,0.005128,-0.000191,0.083028,5.0000,0.1000
4.980000,0.000000,-0.076923,-0.039639,-0.035269,-0.015385,-0.000191,-0.034188,5.0000,0.1000
4.990287,0.000000,0.008547,-0.025184,-0.043824,0.001709,-0.000191,0.053724,5.0000,0.1000
5.000173,0.000000,0.076923,0.005448,-0.052485,0.015385,0.000191,0.112332,5.0000,0.1000
5.010336,0.000000,-0.059829,-0.014135,-0.052485,-0.011966,-0.000191,-0.083028,5.0000,0.1000
5.021855,0.000000,-0.076923,-0.032971,-0.022771,-0.015385,-0.000191,0.014652,5.0000,0.1000
5.030194,0.000000,0.076923,-0.000003,-0.022771,0.015385,-0.000191,0.014652,5.0000,0.1000
5.040001,0.000000,0.059829,0.017947,-0.022859,0.011966,-0.000191,-0.004884,5.0000,0.1000
5.051373,0.000000,-0.059829,-0.005386,-0.043359,-0.011966,-0.000191,0.024420,5.0000,0.1000
5.060382,0.000000,0.025641,0.003922,-0.043359,0.005128,-0.000191,-0.004884,5.0000,0.1000
5.071714,0.000000,-0.128205,-0.035716,-0.045209,-0.025641,-0.000191,0.053724,5.0000,0.1000
5.080308,0.000000,-0.008547,-0.027565,-0.045209,-0.001709,-0.000191,-0.053724,5.0000,0.1000
5.090731,0.000000,0.059829,-0.001347,-0.042835,0.011966,-0.000191,-0.092796,5.0000,0.1000
5.100000,0.000000,0.025641,0.006749,-0.018969,0.005128,-0.000191,-0.034188,5.0000,0.1000
5.110000,0.000000,0.128205,0.043186,-0.018969,0.025641,-0.000191,0.073260,5.0000,0.1000
5.120000,0.000000,-0.025641,0.022538,-0.030639,-0.005128,-0.000191,0.053724,5.0000,0.1000
5.131158,0.000000,-0.145299,-0.027813,-0.041334,-0.029060,-0.000191,0.024420,5.0000,0.1000
5.141172,0.000000,0.025641,-0.011777,-0.041334,0.005128,-0.000191,-0.102564,5.0000,0.1000
5.150317,0.000000,-0.094017,-0.036449,-0.051175,-0.018803,-0.000191,-0.014652,5.0000,0.1000
5.160349,0.000000,0.008547,-0.022950,-0.029366,0.001709,-0.000191,-0.073260,5.0000,0.1000
5.170287,0.000000,-0.076923,-0.039142,-0.029366,-0.015385,-0.000191,-0.024420,5.0000,0.1000
5.180285,0.000000,0.042735,-0.014579,-0.018506,0.008547,-0.000191,-0.004884,5.0000,0.1000
5.190000,0.000000,-0.042735,-0.023026,-0.018506,-0.008547,-0.000191,0.053724,5.0000,0.1000
5.201952,0.000000,-0.008547,-0.018682,-0.040597,-0.001709,-0.000191,-0.131868,5.0000,0.1000
5.210014,0.000000,-0.059829,-0.031026,-0.048801,-0.011966,-0.000191,-0.024420,5.0000,0.1000
5.220069,0.000000,-0.076923,-0.044795,-0.048801,-0.015385,-0.000191,0.063492,5.0000,0.1000
5.230328,0.000000,0.008547,-0.028793,-0.044721,0.001709,-0.000191,-0.004884,5.0000,0.1000
5.240454,0.000000,-0.196581,-0.079129,-0.017953,-0.039316,-0.000191,-0.004884,5.0000,0.1000
5.250017,0.000000,-0.111111,-0.088724,-0.017953,-0.022222,-0.000191,0.043956,5.0000,0.1000
5.260193,0.000000,0.059829,-0.044158,-0.030982,0.011966,-0.000191,-0.073260,5.0000,0.1000
5.272094,0.000000,-0.008547,-0.033475,-0.041829,-0.001709,-0.000191,-0.043956,5.0000,0.1000
5.280645,0.000000,0.076923,-0.000355,-0.041829,0.015385,-0.000191,-0.004884,5.0000,0.1000
5.290705,0.000000,0.025641,0.007444,-0.053820,0.005128,-0.000191,-0.014652,5.0000,0.1000
5.300818,0.000000,-0.059829,-0.012738,-0.037887,-0.011966,-0.000191,-0.073260,5.0000,0.1000
5.310526,0.000000,-0.008547,-0.011481,-0.037887,-0.001709,-0.000191,0.063492,5.0000,0.1000
5.320188,0.000000,-0.059829,-0.025985,-0.018377,-0.011966,-0.000191,-0.043956,5.0000,0.1000
5.330148,0.000000,0.076923,0.004887,-0.018377,0.015385,-0.000191,-0.112332,5.0000,0.1000
5.340272,0.000000,0.128205,0.041883,-0.038878,0.025641,-0.000191,-0.004884,5.0000,0.1000
5.350433,0.000000,0.025641,0.037010,-0.046693,0.005128,-0.000191,0.014652,5.0000,0.1000
5.361256,0.000000,-0.076923,0.002830,-0.049152,-0.015385,-0.000191,-0.014652,5.0000,0.1000
5.370460,0.000000,0.076923,0.025058,-0.049152,0.015385,0.000191,0.083028,5.0000,0.1000
5.381635,0.000000,0.042735,0.030361,-0.015181,0.008547,0.000191,0.122100,5.0000,0.1000
5.390324,0.000000,0.042735,0.034073,-0.015181,0.008547,-0.000191,0.102564,5.0000,0.1000
5.400325,0.000000,-0.196581,-0.035123,-0.029086,-0.039316,-0.000191,-0.024420,5.0000,0.1000
5.410411,0.000000,-0.008547,-0.027150,-0.035923,-0.001709,-0.000191,-0.004884,5.0000,0.1000
5.420102,0.000000,-0.076923,-0.042082,-0.035923,-0.015385,-0.000191,0.073260,5.0000,0.1000
5.430000,0.000000,0.042735,-0.016637,-0.043374,0.008547,-0.000191,0.073260,5.0000,0.1000
5.440000,0.000000,-0.076923,-0.034723,-0.036661,-0.015385,-0.000191,-0.131868,5.0000,0.1000
5.450125,0.000000,-0.076923,-0.047383,-0.036661,-0.015385,-0.000191,-0.024420,5.0000,0.1000
5.460135,0.000000,-0.008547,-0.035732,-0.015551,-0.001709,-0.000191,0.024420,5.0000,0.1000
5.470141,0.000000,0.094017,0.003193,-0.015551,0.018803,-0.000191,-0.024420,5.0000,0.1000
5.480686,0.000000,-0.008547,-0.000329,-0.039269,-0.001709,-0.000191,0.004884,5.0000,0.1000
5.490323,0.000000,0.059829,0.017718,-0.046654,0.011966,-0.000191,0.034188,5.0000,0.1000
5.500348,0.000000,-0.059829,-0.005546,-0.046654,-0.011966,-0.000191,-0.092796,5.0000,0.1000
5.511351,0.000000,0.111111,0.029451,-0.052316,0.022222,-0.000191,0.053724,5.0000,0.1000
5.520211,0.000000,0.008547,0.023180,-0.030332,0.001709,-0.000191,0.014652,5.0000,0.1000
5.530509,0.000000,0.076923,0.039303,-0.026590,0.015385,-0.000191,-0.034188,5.0000,0.1000
5.540000,0.000000,-0.008547,0.024948,-0.026590,-0.001709,-0.000191,-0.092796,5.0000,0.1000
5.550002,0.000000,0.059829,0.035412,-0.039012,0.011966,-0.000191,-0.083028,5.0000,0.1000
5.560155,0.000000,-0.076923,0.001712,-0.039012,-0.015385,-0.000191,0.112332,5.0000,0.1000
5.570411,0.000000,-0.111111,-0.032135,-0.048241,-0.022222,-0.000191,-0.014652,5.0000,0.1000
5.580416,0.000000,-0.025641,-0.030187,-0.037663,-0.005128,-0.000191,-0.102564,5.0000,0.1000
5.590949,0.000000,-0.076923,-0.044208,-0.037663,-0.015385,-0.000191,0.004884,5.0000,0.1000
5.600296,0.000000,-0.059829,-0.048894,-0.011791,-0.011966,-0.000191,0.063492,5.0000,0.1000
5.610131,0.000000,-0.042735,-0.047046,-0.011791,-0.008547,-0.000191,0.014652,5.0000,0.1000
5.620289,0.000000,0.025641,-0.025240,-0.030930,0.005128,-0.000191,0.014652,5.0000,0.1000
5.630478,0.000000,-0.111111,-0.051001,-0.044464,-0.022222,-0.000191,0.043956,5.0000,0.1000
5.640013,0.000000,-0.111111,-0.069034,-0.044464,-0.022222,-0.000191,0.004884,5.0000,0.1000
5.650027,0.000000,-0.008547,-0.050888,-0.051831,-0.001709,-0.000191,-0.004884,5.0000,0.1000
5.662031,0.000000,-0.059829,-0.053570,-0.021772,-0.011966,-0.000191,0.004884,5.0000,0.1000
5.670344,0.000000,0.008547,-0.034935,-0.021772,0.001709,-0.000191,0.053724,5.0000,0.1000
5.680374,0.000000,-0.042735,-0.037275,-0.019256,-0.008547,-0.000191,-0.043956,5.0000,0.1000
5.690412,0.000000,0.042735,-0.013272,-0.039739,0.008547,-0.000191,0.004884,5.0000,0.1000
5.700380,0.000000,-0.094017,-0.037496,-0.047516,-0.018803,-0.000191,0.083028,5.0000,0.1000
5.710143,0.000000,-0.008547,-0.028811,-0.047516,-0.001709,-0.000191,0.043956,5.0000,0.1000
5.721975,0.000000,-0.042735,-0.032988,-0.037141,-0.008547,-0.000191,-0.014652,5.0000,0.1000
5.730201,0.000000,0.025641,-0.015399,-0.037141,0.005128,-0.000191,0.014652,5.0000,0.1000
5.740247,0.000000,0.025641,-0.003087,-0.016916,0.005128,-0.000191,0.034188,5.0000,0.1000
5.750281,0.000000,-0.008547,-0.004725,-0.016916,-0.001709,0.000191,0.112332,5.0000,0.1000
5.760849,0.000000,-0.025641,-0.011000,-0.026421,-0.005128,-0.000191,-0.034188,5.0000,0.1000
5.770779,0.000000,-0.025641,-0.015392,-0.039735,-0.005128,-0.000191,-0.161172,5.0000,0.1000
5.780259,0.000000,-0.059829,-0.028723,-0.042188,-0.011966,-0.000191,0.063492,5.0000,0.1000
5.790492,0.000000,-0.008547,-0.022670,-0.042188,-0.001709,-0.000191,0.024420,5.0000,0.1000
5.801191,0.000000,-0.059829,-0.033818,-0.036847,-0.011966,-0.000191,-0.063492,5.0000,0.1000
5.810024,0.000000,0.025641,-0.015980,-0.036847,0.005128,-0.000191,0.014652,5.0000,0.1000
5.820014,0.000000,-0.008547,-0.013750,-0.017114,-0.001709,-0.000191,0.043956,5.0000,0.1000
5.830084,0.000000,-0.008547,-0.012189,-0.038896,-0.001709,-0.000191,0.083028,5.0000,0.1000
5.841765,0.000000,-0.111111,-0.041866,-0.044212,-0.022222,-0.000191,0.034188,5.0000,0.1000
5.850126,0.000000,-0.042735,-0.042127,-0.044212,-0.008547,-0.000191,0.053724,5.0000,0.1000
5.861520,0.000000,0.042735,-0.016668,-0.043265,0.008547,-0.000191,0.004884,5.0000,0.1000
5.871266,0.000000,0.008547,-0.009104,-0.043265,0.001709,-0.000191,-0.024420,5.0000,0.1000
5.880465,0.000000,-0.059829,-0.024321,-0.021029,-0.011966,-0.000191,0.024420,5.0000,0.1000
5.890000,0.000000,0.076923,0.006052,-0.021029,0.015385,0.000191,0.151404,5.0000,0.1000
5.900000,0.000000,0.042735,0.017057,-0.021750,0.008547,-0.000191,-0.083028,5.0000,0.1000
5.910414,0.000000,0.008547,0.014504,-0.041769,0.001709,-0.000191,-0.034188,5.0000,0.1000
5.920157,0.000000,-0.111111,-0.023181,-0.047775,-0.022222,-0.000191,-0.014652,5.0000,0.1000
5.930000,0.000000,0.008547,-0.013662,-0.047775,0.001709,-0.000191,0.004884,5.0000,0.1000
5.940362,0.000000,-0.025641,-0.017256,-0.033897,-0.005128,-0.000191,0.053724,5.0000,0.1000
5.950895,0.000000,-0.128205,-0.050541,-0.033897,-0.025641,-0.000191,-0.024420,5.0000,0.1000
5.960336,0.000000,0.008547,-0.032814,-0.018266,0.001709,-0.000191,-0.092796,5.0000,0.1000
5.970001,0.000000,0.008547,-0.020406,-0.033269,0.001709,-0.000191,0.112332,5.0000,0.1000
5.981069,0.000000,0.008547,-0.011720,-0.041834,0.001709,-0.000191,0.043956,5.0000,0.1000
5.990143,0.000000,0.042735,0.004616,-0.041834,0.008547,-0.000191,0.063492,5.0000,0.1000
6.003281,0.000000,-0.008547,0.000667,-0.050880,-0.001709,-0.000191,-0.034188,5.0000,0.1000
6.010113,0.000000,0.008547,0.003031,-0.050880,0.001709,-0.000191,0.112332,5.0000,0.1000
6.021476,0.000000,-0.094017,-0.026083,-0.024857,-0.018803,-0.000191,0.004884,5.0000,0.1000
6.030105,0.000000,0.042735,-0.005438,-0.024857,0.008547,-0.000191,0.024420,5.0000,0.1000
6.040138,0.000000,-0.076923,-0.026883,-0.022102,-0.015385,-0.000191,-0.024420,5.0000,0.1000
6.050170,0.000000,0.059829,-0.000870,-0.038055,0.011966,-0.000191,-0.004884,5.0000,0.1000
6.060173,0.000000,-0.025641,-0.008301,-0.044123,-0.005128,-0.000191,0.043956,5.0000,0.1000
6.071208,0.000000,0.042735,0.007010,-0.044123,0.008547,-0.000191,-0.141636,5.0000,0.1000
6.080702,0.000000,0.094017,0.033112,-0.040606,0.018803,-0.000191,-0.004884,5.0000,0.1000
6.090104,0.000000,0.025641,0.030871,-0.016774,0.005128,-0.000191,-0.112332,5.0000,0.1000
6.100000,0.000000,0.042735,0.034430,-0.016774,0.008547,-0.000191,0.014652,5.0000,0.1000
6.110000,0.000000,-0.094017,-0.004104,-0.030379,-0.018803,-0.000191,-0.004884,5.0000,0.1000
6.120002,0.000000,-0.059829,-0.020822,-0.030379,-0.011966,-0.000191,0.014652,5.0000,0.1000
6.130224,0.000000,0.042735,-0.001755,-0.040665,0.008547,-0.000191,-0.024420,5.0000,0.1000
6.140176,0.000000,-0.213675,-0.065331,-0.053120,-0.042735,-0.000191,-0.063492,5.0000,0.1000
6.150432,0.000000,-0.145299,-0.089321,-0.020492,-0.029060,-0.000191,-0.024420,5.0000,0.1000
6.160462,0.000000,0.111111,-0.029192,-0.020492,0.022222,-0.000191,-0.122100,5.0000,0.1000
6.170382,0.000000,-0.008547,-0.022998,-0.015644,-0.001709,-0.000191,0.053724,5.0000,0.1000
6.180211,0.000000,0.025641,-0.008406,-0.015644,0.005128,-0.000191,0.004884,5.0000,0.1000
6.190293,0.000000,-0.111111,-0.039218,-0.039946,-0.022222,-0.000191,-0.024420,5.0000,0.1000
6.200491,0.000000,-0.059829,-0.045401,-0.044106,-0.011966,-0.000191,-0.131868,5.0000,0.1000
6.210550,0.000000,-0.059829,-0.049730,-0.044106,-0.011966,-0.000191,0.083028,5.0000,0.1000
6.223350,0.000000,-0.059829,-0.052759,-0.045766,-0.011966,-0.000191,0.034188,5.0000,0.1000
6.231927,0.000000,-0.008547,-0.039496,-0.017900,-0.001709,-0.000191,0.034188,5.0000,0.1000
6.241248,0.000000,0.059829,-0.009698,-0.017900,0.011966,-0.000191,-0.063492,5.0000,0.1000
6.250688,0.000000,0.008547,-0.004225,-0.037099,0.001709,-0.000191,0.053724,5.0000,0.1000
6.260145,0.000000,-0.094017,-0.031162,-0.037099,-0.018803,-0.000191,-0.092796,5.0000,0.1000
6.270217,0.000000,-0.042735,-0.034634,-0.045127,-0.008547,-0.000191,0.014652,5.0000,0.1000
6.283130,0.000000,-0.059829,-0.042193,-0.041197,-0.011966,-0.000191,-0.024420,5.0000,0.1000
6.290200,0.000000,0.076923,-0.006458,-0.041197,0.015385,-0.000191,-0.014652,5.0000,0.1000
6.300252,0.000000,-0.059829,-0.022469,-0.040919,-0.011966,-0.000191,0.083028,5.0000,0.1000
6.310822,0.000000,-0.042735,-0.028549,-0.015079,-0.008547,-0.000191,0.092796,5.0000,0.1000
6.321205,0.000000,-0.025641,-0.027677,-0.015079,-0.005128,-0.000191,0.004884,5.0000,0.1000
6.330058,0.000000,0.042735,-0.006553,-0.036416,0.008547,-0.000191,-0.024420,5.0000,0.1000
6.340121,0.000000,-0.094017,-0.032792,-0.036416,-0.018803,-0.000191,-0.043956,5.0000,0.1000
6.350000,0.000000,0.025641,-0.015262,-0.045870,0.005128,-0.000191,0.063492,5.0000,0.1000
6.360604,0.000000,0.025641,-0.002991,-0.045870,0.005128,-0.000191,-0.024420,5.0000,0.1000
6.371190,0.000000,-0.042735,-0.014914,-0.053745,-0.008547,-0.000191,-0.034188,5.0000,0.1000
6.380694,0.000000,0.042735,0.002380,-0.053745,0.008547,-0.000191,0.004884,5.0000,0.1000
6.391537,0.000000,0.076923,0.024743,-0.021569,0.015385,-0.000191,0.004884,5.0000,0.1000
6.400000,0.000000,-0.076923,-0.005757,-0.021569,-0.015385,-0.000191,-0.073260,5.0000,0.1000
6.410000,0.000000,-0.025641,-0.011722,-0.025948,-0.005128,-0.000191,0.014652,5.0000,0.1000
6.420000,0.000000,-0.059829,-0.026154,-0.046041,-0.011966,-0.000191,0.043956,5.0000,0.1000
6.430932,0.000000,-0.025641,-0.026000,-0.048990,-0.005128,-0.000191,-0.043956,5.0000,0.1000
6.440287,0.000000,-0.111111,-0.051533,-0.048990,-0.022222,-0.000191,-0.102564,5.0000,0.1000
6.450391,0.000000,-0.094017,-0.064279,-0.036804,-0.018803,-0.000191,-0.083028,5.0000,0.1000
6.460101,0.000000,-0.025641,-0.052687,-0.036804,-0.005128,-0.000191,0.073260,5.0000,0.1000
6.470868,0.000000,-0.025641,-0.044573,-0.019638,-0.005128,-0.000191,0.092796,5.0000,0.1000
6.480000,0.000000,0.094017,-0.002996,-0.019638,0.018803,-0.000191,0.034188,5.0000,0.1000
6.490019,0.000000,-0.094017,-0.030303,-0.037394,-0.018803,-0.000191,0.024420,5.0000,0.1000
6.500397,0.000000,-0.059829,-0.039160,-0.043718,-0.011966,-0.000191,-0.014652,5.0000,0.1000
6.510093,0.000000,-0.094017,-0.055617,-0.052060,-0.018803,-0.000191,0.053724,5.0000,0.1000
6.522477,0.000000,-0.179487,-0.092778,-0.052060,-0.035897,-0.000191,0.063492,5.0000,0.1000
6.531432,0.000000,-0.094017,-0.093150,-0.028994,-0.018803,-0.000191,-0.034188,5.0000,0.1000
6.540000,0.000000,0.076923,-0.042128,-0.028994,0.015385,-0.000191,0.092796,5.0000,0.1000
6.550058,0.000000,0.059829,-0.011541,-0.013714,0.011966,-0.000191,0.053724,5.0000,0.1000
6.560244,0.000000,-0.111111,-0.041412,-0.038385,-0.022222,-0.000191,0.043956,5.0000,0.1000
6.570292,0.000000,0.076923,-0.005911,-0.038385,0.015385,-0.000191,0.092796,5.0000,0.1000
6.580265,0.000000,-0.008547,-0.006702,-0.049663,-0.001709,-0.000191,-0.014652,5.0000,0.1000
6.590277,0.000000,-0.111111,-0.038025,-0.046918,-0.022222,-0.000191,0.004884,5.0000,0.1000
6.600618,0.000000,-0.128205,-0.065079,-0.020897,-0.025641,-0.000191,0.034188,5.0000,0.1000
6.610258,0.000000,-0.059829,-0.063504,-0.020897,-0.011966,-0.000191,0.092796,5.0000,0.1000
6.620357,0.000000,-0.128205,-0.082914,-0.033980,-0.025641,-0.000191,-0.053724,5.0000,0.1000
6.630274,0.000000,-0.059829,-0.075989,-0.033980,-0.011966,-0.000191,-0.043956,5.0000,0.1000
6.640993,0.000000,-0.111111,-0.086525,-0.037959,-0.022222,-0.000191,0.024420,5.0000,0.1000
6.650486,0.000000,0.025641,-0.052876,-0.049666,0.005128,-0.000191,-0.043956,5.0000,0.1000
6.661011,0.000000,-0.042735,-0.049833,-0.049666,-0.008547,-0.000191,-0.073260,5.0000,0.1000
6.670714,0.000000,-0.042735,-0.047704,-0.037312,-0.008547,-0.000191,-0.024420,5.0000,0.1000
6.680485,0.000000,-0.025641,-0.041085,-0.015531,-0.005128,-0.000191,-0.004884,5.0000,0.1000
6.690000,0.000000,-0.042735,-0.041580,-0.015531,-0.008547,-0.000191,0.014652,5.0000,0.1000
6.700000,0.000000,-0.042735,-0.041927,-0.038524,-0.008547,-0.000191,-0.063492,5.0000,0.1000
6.712711,0.000000,-0.008547,-0.031913,-0.045066,-0.001709,-0.000191,0.034188,5.0000,0.1000
6.720000,0.000000,-0.094017,-0.050544,-0.045066,-0.018803,0.000191,0.141636,5.0000,0.1000
6.733622,0.000000,-0.042735,-0.048201,-0.047045,-0.008547,-0.000191,-0.053724,5.0000,0.1000
6.740101,0.000000,-0.162393,-0.082459,-0.022169,-0.032479,-0.000191,-0.043956,5.0000,0.1000
6.750723,0.000000,-0.111111,-0.091055,-0.022169,-0.022222,-0.000191,-0.180708,5.0000,0.1000
6.760332,0.000000,-0.042735,-0.076559,-0.017914,-0.008547,-0.000191,-0.063492,5.0000,0.1000
6.770000,0.000000,0.059829,-0.035642,-0.017914,0.011966,-0.000191,-0.004884,5.0000,0.1000
6.780000,0.000000,-0.059829,-0.042898,-0.036765,-0.011966,-0.000191,0.014652,5.0000,0.1000
6.791647,0.000000,-0.094017,-0.058234,-0.046298,-0.018803,-0.000191,0.034188,5.0000,0.1000
6.801090,0.000000,-0.025641,-0.048456,-0.035978,-0.005128,-0.000191,-0.014652,5.0000,0.1000
6.810472,0.000000,-0.025641,-0.041612,-0.035978,-0.005128,-0.000191,0.014652,5.0000,0.1000
6.820080,0.000000,-0.059829,-0.047077,-0.010921,-0.011966,-0.000191,0.004884,5.0000,0.1000
6.830214,0.000000,-0.076923,-0.056031,-0.010921,-0.015385,-0.000191,-0.014652,5.0000,0.1000
6.840000,0.000000,-0.094017,-0.067427,-0.039027,-0.018803,-0.000191,-0.024420,5.0000,0.1000
6.850642,0.000000,-0.025641,-0.054891,-0.037568,-0.005128,-0.000191,0.034188,5.0000,0.1000
6.860302,0.000000,-0.111111,-0.071757,-0.037568,-0.022222,-0.000191,0.092796,5.0000,0.1000
6.871166,0.000000,-0.111111,-0.083563,-0.046887,-0.022222,-0.000191,0.083028,5.0000,0.1000
6.880163,0.000000,-0.042735,-0.071315,-0.026940,-0.008547,-0.000191,-0.043956,5.0000,0.1000
6.890313,0.000000,-0.025641,-0.057613,-0.026940,-0.005128,-0.000191,0.034188,5.0000,0.1000
6.900316,0.000000,0.042735,-0.027508,-0.018770,0.008547,-0.000191,-0.073260,5.0000,0.1000
6.910288,0.000000,-0.094017,-0.047461,-0.018770,-0.018803,-0.000191,-0.014652,5.0000,0.1000
6.921305,0.000000,-0.025641,-0.040915,-0.042274,-0.005128,-0.000191,0.034188,5.0000,0.1000
6.930813,0.000000,-0.076923,-0.051717,-0.052842,-0.015385,-0.000191,0.053724,5.0000,0.1000
6.940000,0.000000,0.111111,-0.002869,-0.052842,0.022222,-0.000191,0.004884,5.0000,0.1000
6.950197,0.000000,-0.094017,-0.030213,-0.043053,-0.018803,-0.000191,0.034188,5.0000,0.1000
6.960642,0.000000,-0.025641,-0.028842,-0.015393,-0.005128,-0.000191,-0.180708,5.0000,0.1000
6.970000,0.000000,0.025641,-0.012497,-0.015393,0.005128,-0.000191,-0.004884,5.0000,0.1000
6.980104,0.000000,0.025641,-0.001055,-0.035351,0.005128,-0.000191,-0.034188,5.0000,0.1000
6.990276,0.000000,0.042735,0.012082,-0.042707,0.008547,-0.000191,0.014652,5.0000,0.1000
7.001137,0.000000,0.008547,0.011021,-0.050569,0.001709,-0.000191,0.024420,5.0000,0.1000
7.010068,0.000000,-0.213675,-0.056388,-0.050569,-0.042735,-0.000191,-0.024420,5.0000,0.1000
7.021396,0.000000,0.008547,-0.036907,-0.030911,0.001709,-0.000191,-0.024420,5.0000,0.1000
7.030218,0.000000,-0.111111,-0.059168,-0.030911,-0.022222,-0.000191,-0.024420,5.0000,0.1000
7.040326,0.000000,0.042735,-0.028597,-0.018108,0.008547,-0.000191,0.043956,5.0000,0.1000
7.050000,0.000000,0.025641,-0.012326,-0.018108,0.005128,-0.000191,-0.092796,5.0000,0.1000
7.060567,0.000000,0.025641,-0.000936,-0.036758,0.005128,-0.000191,-0.034188,5.0000,0.1000
7.070056,0.000000,0.128205,0.037806,-0.048186,0.025641,-0.000191,-0.131868,5.0000,0.1000
7.080705,0.000000,-0.076923,0.003388,-0.042301,-0.015385,-0.000191,0.053724,5.0000,0.1000
7.090435,0.000000,0.008547,0.004935,-0.042301,0.001709,-0.000191,-0.083028,5.0000,0.1000
7.100390,0.000000,-0.111111,-0.029879,-0.017773,-0.022222,-0.000191,0.063492,5.0000,0.1000
7.110337,0.000000,-0.008547,-0.023479,-0.017773,-0.001709,-0.000191,0.073260,5.0000,0.1000
7.120000,0.000000,0.025641,-0.008743,-0.030852,0.005128,-0.000191,0.024420,5.0000,0.1000
7.132607,0.000000,-0.025641,-0.013812,-0.043948,-0.005128,-0.000191,-0.092796,5.0000,0.1000
7.140050,0.000000,-0.076923,-0.032746,-0.043948,-0.015385,-0.000191,0.053724,5.0000,0.1000
7.150000,0.000000,-0.042735,-0.035742,-0.048486,-0.008547,-0.000191,-0.043956,5.0000,0.1000
7.161392,0.000000,-0.008547,-0.027584,-0.032925,-0.001709,-0.000191,-0.004884,5.0000,0.1000
7.171031,0.000000,0.025641,-0.011616,-0.032925,0.005128,-0.000191,-0.024420,5.0000,0.1000
7.180000,0.000000,-0.076923,-0.031208,-0.014234,-0.015385,-0.000191,0.112332,5.0000,0.1000
7.190190,0.000000,-0.025641,-0.029538,-0.014234,-0.005128,-0.000191,-0.024420,5.0000,0.1000
7.200209,0.000000,-0.076923,-0.043754,-0.039197,-0.015385,-0.000191,-0.004884,5.0000,0.1000
7.210055,0.000000,0.008547,-0.028063,-0.044587,0.001709,-0.000191,-0.043956,5.0000,0.1000
7.223243,0.000000,-0.042735,-0.032465,-0.044364,-0.008547,-0.000191,0.014652,5.0000,0.1000
7.230590,0.000000,0.008547,-0.020161,-0.044364,0.001709,-0.000191,-0.073260,5.0000,0.1000
7.240145,0.000000,-0.059829,-0.032062,-0.015373,-0.011966,0.000191,0.131868,5.0000,0.1000
7.250319,0.000000,0.008547,-0.019879,-0.015373,0.001709,-0.000191,0.004884,5.0000,0.1000
7.260000,0.000000,0.042735,-0.001095,-0.029412,0.008547,-0.000191,0.053724,5.0000,0.1000
7.270000,0.000000,-0.042735,-0.013587,-0.040633,-0.008547,-0.000191,-0.043956,5.0000,0.1000
7.280373,0.000000,0.025641,-0.001819,-0.040633,0.005128,-0.000191,0.014652,5.0000,0.1000
7.290163,0.000000,0.008547,0.001291,-0.049411,0.001709,-0.000191,0.014652,5.0000,0.1000
7.300426,0.000000,-0.111111,-0.032430,-0.043294,-0.022222,-0.000191,-0.073260,5.0000,0.1000
7.310348,0.000000,-0.008547,-0.025265,-0.043294,-0.001709,-0.000191,0.063492,5.0000,0.1000
7.320843,0.000000,-0.042735,-0.030506,-0.013222,-0.008547,-0.000191,-0.073260,5.0000,0.1000
7.330219,0.000000,-0.042735,-0.034175,-0.013222,-0.008547,-0.000191,-0.073260,5.0000,0.1000
7.340000,0.000000,-0.076923,-0.046999,-0.037074,-0.015385,-0.000191,-0.034188,5.0000,0.1000
7.352193,0.000000,0.025641,-0.025207,-0.040949,0.005128,-0.000191,0.034188,5.0000,0.1000
7.360007,0.000000,0.025641,-0.009953,-0.040949,0.005128,-0.000191,0.053724,5.0000,0.1000
7.374938,0.000000,-0.059829,-0.024916,-0.048498,-0.011966,-0.000191,-0.043956,5.0000,0.1000
7.380560,0.000000,0.076923,0.005636,-0.024672,0.015385,-0.000191,-0.004884,5.0000,0.1000
7.390608,0.000000,-0.111111,-0.029388,-0.018938,-0.022222,-0.000191,-0.034188,5.0000,0.1000
7.400335,0.000000,0.059829,-0.002623,-0.018938,0.011966,-0.000191,-0.073260,5.0000,0.1000
7.410162,0.000000,-0.042735,-0.014657,-0.034482,-0.008547,-0.000191,0.092796,5.0000,0.1000
7.420194,0.000000,0.008547,-0.007696,-0.034482,0.001709,-0.000191,-0.043956,5.0000,0.1000
7.430179,0.000000,0.042735,0.007434,-0.049054,0.008547,-0.000191,0.024420,5.0000,0.1000
7.442234,0.000000,-0.025641,-0.002489,-0.042730,-0.005128,-0.000191,0.122100,5.0000,0.1000
7.450499,0.000000,-0.008547,-0.004306,-0.042730,-0.001709,-0.000191,-0.004884,5.0000,0.1000
7.460330,0.000000,0.076923,0.020063,-0.014915,0.015385,-0.000191,0.122100,5.0000,0.1000
7.470726,0.000000,-0.128205,-0.024418,-0.038623,-0.025641,-0.000191,0.063492,5.0000,0.1000
7.480093,0.000000,-0.162393,-0.065810,-0.038623,-0.032479,-0.000191,-0.073260,5.0000,0.1000
7.490166,0.000000,-0.025641,-0.053760,-0.041034,-0.005128,-0.000191,-0.034188,5.0000,0.1000
7.500288,0.000000,0.059829,-0.019683,-0.045807,0.011966,-0.000191,0.024420,5.0000,0.1000
7.510648,0.000000,0.025641,-0.006086,-0.045807,0.005128,-0.000191,-0.073260,5.0000,0.1000
7.520617,0.000000,0.025641,0.003432,-0.029512,0.005128,-0.000191,-0.073260,5.0000,0.1000
7.530650,0.000000,-0.025641,-0.005290,-0.020599,-0.005128,-0.000191,-0.073260,5.0000,0.1000
7.542037,0.000000,-0.042735,-0.016523,-0.020599,-0.008547,-0.000191,0.053724,5.0000,0.1000
7.550000,0.000000,-0.008547,-0.014130,-0.033995,-0.001709,-0.000191,-0.073260,5.0000,0.1000
7.560000,0.000000,0.008547,-0.007327,-0.033995,0.001709,-0.000191,-0.004884,5.0000,0.1000
7.570014,0.000000,0.111111,0.028204,-0.044029,0.022222,-0.000191,-0.004884,5.0000,0.1000
7.580352,0.000000,-0.042735,0.006922,-0.046880,-0.008547,-0.000191,-0.073260,5.0000,0.1000
7.590458,0.000000,0.076923,0.027923,-0.017739,0.015385,-0.000191,0.073260,5.0000,0.1000
7.600262,0.000000,0.025641,0.027238,-0.017739,0.005128,-0.000191,-0.024420,5.0000,0.1000
7.611613,0.000000,0.008547,0.021631,-0.033343,0.001709,-0.000191,0.034188,5.0000,0.1000
7.620731,0.000000,-0.059829,-0.002807,-0.033343,-0.011966,-0.000191,0.024420,5.0000,0.1000
7.630257,0.000000,0.008547,0.000599,-0.039963,0.001709,-0.000191,0.053724,5.0000,0.1000
7.640308,0.000000,-0.059829,-0.017529,-0.039963,-0.011966,-0.000191,-0.024420,5.0000,0.1000
7.650254,0.000000,0.025641,-0.004578,-0.047180,0.005128,-0.000191,0.004884,5.0000,0.1000
7.660364,0.000000,0.008547,-0.000641,-0.030963,0.001709,-0.000191,0.053724,5.0000,0.1000
7.671359,0.000000,0.042735,0.012372,-0.014813,0.008547,-0.000191,-0.053724,5.0000,0.1000
7.680072,0.000000,-0.059829,-0.009288,-0.014813,-0.011966,-0.000191,-0.073260,5.0000,0.1000
7.690607,0.000000,0.025641,0.001191,-0.038734,0.005128,-0.000191,-0.034188,5.0000,0.1000
7.700340,0.000000,-0.094017,-0.027372,-0.038734,-0.018803,-0.000191,0.083028,5.0000,0.1000
7.710073,0.000000,-0.042735,-0.031981,-0.041094,-0.008547,-0.000191,-0.014652,5.0000,0.1000
7.720150,0.000000,-0.094017,-0.050592,-0.052068,-0.018803,-0.000191,-0.043956,5.0000,0.1000
7.730701,0.000000,-0.076923,-0.058491,-0.052068,-0.015385,-0.000191,-0.034188,5.0000,0.1000
7.740703,0.000000,-0.059829,-0.058892,-0.021347,-0.011966,0.000191,0.122100,5.0000,0.1000
7.750531,0.000000,-0.076923,-0.064302,-0.026856,-0.015385,-0.000191,-0.063492,5.0000,0.1000
7.761472,0.000000,-0.042735,-0.057832,-0.037506,-0.008547,-0.000191,-0.151404,5.0000,0.1000
7.770078,0.000000,0.042735,-0.027662,-0.037506,0.008547,-0.000191,0.014652,5.0000,0.1000
7.780026,0.000000,-0.008547,-0.021927,-0.044657,-0.001709,-0.000191,-0.014652,5.0000,0.1000
7.790475,0.000000,-0.059829,-0.033298,-0.044657,-0.011966,-0.000191,-0.073260,5.0000,0.1000
7.800023,0.000000,-0.042735,-0.036129,-0.040641,-0.008547,-0.000191,0.043956,5.0000,0.1000
7.810954,0.000000,-0.059829,-0.043239,-0.014104,-0.011966,-0.000191,0.063492,5.0000,0.1000
7.820000,0.000000,-0.111111,-0.063601,-0.014104,-0.022222,-0.000191,-0.024420,5.0000,0.1000
7.830000,0.000000,-0.076923,-0.067597,-0.033454,-0.015385,-0.000191,0.024420,5.0000,0.1000
7.840000,0.000000,0.025641,-0.039626,-0.033454,0.005128,-0.000191,0.092796,5.0000,0.1000
7.850338,0.000000,0.008547,-0.025174,-0.038469,0.001709,-0.000191,-0.024420,5.0000,0.1000
7.862360,0.000000,-0.076923,-0.040699,-0.053884,-0.015385,-0.000191,-0.024420,5.0000,0.1000
7.870000,0.000000,-0.008547,-0.031053,-0.053884,-0.001709,-0.000191,-0.043956,5.0000,0.1000
7.881199,0.000000,-0.128205,-0.060199,-0.023855,-0.025641,-0.000191,-0.043956,5.0000,0.1000
7.890696,0.000000,-0.128205,-0.080601,-0.020095,-0.025641,-0.000191,-0.073260,5.0000,0.1000
7.900288,0.000000,0.059829,-0.038472,-0.020095,0.011966,-0.000191,-0.004884,5.0000,0.1000
7.910000,0.000000,-0.059829,-0.044879,-0.038006,-0.011966,-0.000191,-0.043956,5.0000,0.1000
7.920001,0.000000,-0.094017,-0.059620,-0.047525,-0.018803,-0.000191,-0.063492,5.0000,0.1000
7.931559,0.000000,-0.128205,-0.080196,-0.044530,-0.025641,-0.000191,-0.014652,5.0000,0.1000
7.940000,0.000000,-0.111111,-0.089470,-0.044530,-0.022222,-0.000191,-0.053724,5.0000,0.1000
7.951047,0.000000,-0.128205,-0.101091,-0.009890,-0.025641,-0.000191,-0.014652,5.0000,0.1000
7.960542,0.000000,-0.094017,-0.098969,-0.009890,-0.018803,-0.000191,-0.073260,5.0000,0.1000
7.970009,0.000000,-0.094017,-0.097483,-0.024676,-0.018803,-0.000191,-0.122100,5.0000,0.1000
7.980215,0.000000,0.042735,-0.055418,-0.024676,0.008547,-0.000191,0.024420,5.0000,0.1000
7.990296,0.000000,-0.076923,-0.061869,-0.039245,-0.015385,-0.000191,0.053724,5.0000,0.1000
8.000294,0.000000,-0.025641,-0.051001,-0.046535,-0.005128,-0.000191,-0.043956,5.0000,0.1000
8.010719,0.000000,0.042735,-0.022880,-0.028882,0.008547,-0.000191,-0.034188,5.0000,0.1000
8.020316,0.000000,-0.111111,-0.049349,-0.028882,-0.022222,-0.000191,-0.043956,5.0000,0.1000
8.031704,0.000000,0.025641,-0.026852,-0.017058,0.005128,-0.000191,-0.131868,5.0000,0.1000
8.040388,0.000000,-0.025641,-0.026489,-0.017058,-0.005128,0.000191,0.161172,5.0000,0.1000
8.050367,0.000000,-0.059829,-0.036491,-0.033853,-0.011966,-0.000191,0.092796,5.0000,0.1000
8.060000,0.000000,0.042735,-0.012723,-0.033853,0.008547,-0.000191,-0.004884,5.0000,0.1000
8.070000,0.000000,-0.128205,-0.047368,-0.045079,-0.025641,-0.000191,0.024420,5.0000,0.1000
8.080261,0.000000,-0.042735,-0.045978,-0.045333,-0.008547,-0.000191,-0.043956,5.0000,0.1000
8.090554,0.000000,-0.059829,-0.050133,-0.045333,-0.011966,-0.000191,-0.102564,5.0000,0.1000
8.100473,0.000000,-0.094017,-0.063298,-0.014218,-0.018803,-0.000191,0.063492,5.0000,0.1000
8.110735,0.000000,-0.008547,-0.046873,-0.022853,-0.001709,-0.000191,-0.024420,5.0000,0.1000
8.121702,0.000000,-0.059829,-0.050760,-0.039360,-0.011966,-0.000191,-0.034188,5.0000,0.1000
8.130186,0.000000,-0.076923,-0.058609,-0.039360,-0.015385,-0.000191,0.102564,5.0000,0.1000
8.140002,0.000000,-0.076923,-0.064103,-0.044557,-0.015385,-0.000191,0.004884,5.0000,0.1000
8.150178,0.000000,-0.094017,-0.073077,-0.044557,-0.018803,-0.000191,-0.014652,5.0000,0.1000
8.160776,0.000000,-0.076923,-0.074231,-0.036588,-0.015385,-0.000191,0.102564,5.0000,0.1000
8.170855,0.000000,-0.128205,-0.090423,-0.012234,-0.025641,-0.000191,0.024420,5.0000,0.1000
8.180477,0.000000,0.111111,-0.029963,-0.012234,0.022222,-0.000191,-0.102564,5.0000,0.1000
8.190527,0.000000,0.094017,0.007231,-0.038088,0.018803,-0.000191,-0.043956,5.0000,0.1000
8.200988,0.000000,-0.094017,-0.023143,-0.047233,-0.018803,-0.000191,0.004884,5.0000,0.1000
8.210222,0.000000,0.008547,-0.013636,-0.047233,0.001709,-0.000191,0.004884,5.0000,0.1000
8.220251,0.000000,-0.076923,-0.032622,-0.043659,-0.015385,-0.000191,-0.053724,5.0000,0.1000
8.230376,0.000000,0.008547,-0.020272,-0.023626,0.001709,-0.000191,-0.024420,5.0000,0.1000
8.240115,0.000000,-0.094017,-0.042395,-0.023626,-0.018803,-0.000191,0.014652,5.0000,0.1000
8.250000,0.000000,0.025641,-0.021984,-0.021935,0.005128,-0.000191,0.014652,5.0000,0.1000
8.260238,0.000000,-0.059829,-0.033338,-0.021935,-0.011966,-0.000191,-0.004884,5.0000,0.1000
8.272109,0.000000,0.008547,-0.020772,-0.042878,0.001709,-0.000191,0.053724,5.0000,0.1000
8.280028,0.000000,-0.025641,-0.022233,-0.046483,-0.005128,0.000191,0.151404,5.0000,0.1000
8.290256,0.000000,0.008547,-0.012999,-0.046483,0.001709,-0.000191,-0.024420,5.0000,0.1000
8.300247,0.000000,0.025641,-0.001407,-0.036052,0.005128,-0.000191,0.053724,5.0000,0.1000
8.310498,0.000000,0.042735,0.011836,-0.018897,0.008547,0.000191,0.161172,5.0000,0.1000
8.320436,0.000000,-0.145299,-0.035305,-0.034763,-0.029060,-0.000191,-0.004884,5.0000,0.1000
8.330516,0.000000,-0.076923,-0.047790,-0.034763,-0.015385,-0.000191,0.014652,5.0000,0.1000
8.340205,0.000000,-0.111111,-0.066787,-0.040953,-0.022222,-0.000191,0.053724,5.0000,0.1000
8.350247,0.000000,-0.076923,-0.069827,-0.040953,-0.015385,-0.000191,-0.083028,5.0000,0.1000
8.360038,0.000000,-0.042735,-0.061700,-0.040953,-0.008547,-0.000191,0.014652,5.0000,0.1000
8.370083,0.000000,0.059829,-0.025241,-0.040953,0.011966,-0.000191,-0.092796,5.0000,0.1000
8.381031,0.000000,0.076923,0.005408,-0.052056,0.015385,-0.000191,0.092796,5.0000,0.1000
8.390000,0.000000,-0.008547,0.001222,-0.028562,-0.001709,-0.000191,-0.034188,5.0000,0.1000
8.402079,0.000000,0.042735,0.013676,-0.028562,0.008547,-0.000191,-0.034188,5.0000,0.1000
8.410097,0.000000,-0.059829,-0.008376,-0.020987,-0.011966,-0.000191,-0.053724,5.0000,0.1000
8.420515,0.000000,0.008547,-0.003299,-0.036985,0.001709,-0.000191,-0.122100,5.0000,0.1000
8.430000,0.000000,0.008547,0.000255,-0.036985,0.001709,-0.000191,-0.102564,5.0000,0.1000
8.440010,0.000000,0.008547,0.002742,-0.052171,0.001709,-0.000191,-0.004884,5.0000,0.1000
8.451431,0.000000,-0.059829,-0.016029,-0.036267,-0.011966,-0.000191,0.063492,5.0000,0.1000
8.462029,0.000000,0.042735,0.001600,-0.036267,0.008547,-0.000191,-0.024420,5.0000,0.1000
8.470069,0.000000,-0.076923,-0.021957,-0.021676,-0.015385,-0.000191,0.053724,5.0000,0.1000
8.482521,0.000000,-0.094017,-0.043575,-0.027129,-0.018803,-0.000191,-0.034188,5.0000,0.1000
8.490214,0.000000,0.025641,-0.022810,-0.027129,0.005128,-0.000191,0.034188,5.0000,0.1000
8.500216,0.000000,-0.145299,-0.059557,-0.040815,-0.029060,-0.000191,0.024420,5.0000,0.1000
8.510258,0.000000,-0.059829,-0.059638,-0.040815,-0.011966,-0.000191,-0.004884,5.0000,5.0000
8.521679,0.000000,-0.145299,-0.085337,-0.048888,-0.029060,-0.000191,0.024420,5.0000,5.0000
8.531152,0.000000,-0.794872,-0.298197,-0.031472,-0.158974,-0.000191,-0.043956,5.0000,5.0000
8.540634,0.000000,1.153846,0.137416,-0.031472,0.230769,-0.000191,0.297924,5.0000,5.0000
8.551415,0.000000,10.316239,3.191063,-0.017559,2.063248,-0.000572,0.766789,5.0000,5.0000
8.560076,0.000000,-13.153846,-1.712410,-0.017559,-2.630769,0.001335,-0.131868,5.0000,5.0000
8.570000,0.000000,3.153846,-0.252533,-0.005261,0.630769,0.001335,1.821734,5.0000,5.0000
8.580000,0.000000,9.222222,2.589894,0.026402,1.844444,-0.002098,-1.196581,5.0000,5.0000
8.590403,0.000000,-8.538462,-0.748613,0.205491,-1.707692,0.000191,-1.440781,5.0000,5.0000
8.600607,0.000000,-7.666667,-2.824029,0.096828,-1.533333,0.003243,1.675214,5.0000,5.0000
8.610520,0.000000,12.880342,1.887282,0.096828,2.576068,-0.000954,0.170940,5.0000,5.0000
8.620163,0.000000,-7.700855,-0.989159,0.067277,-1.540171,0.000572,-1.323565,5.0000,5.0000
8.630328,0.000000,-9.068376,-3.412924,0.067277,-1.813675,0.003243,1.333333,5.0000,5.0000
8.640149,0.000000,12.418803,1.336594,0.278925,2.483761,-0.000572,0.395604,5.0000,5.0000
8.650141,0.000000,-0.829060,0.686898,0.278925,-0.165812,-0.000954,-1.997558,5.0000,5.0000
8.660486,0.000000,-12.863248,-3.378146,-0.008268,-2.572650,0.002861,0.542125,5.0000,5.0000
8.670000,0.000000,12.059829,1.253247,0.170966,2.411966,-0.000191,0.698413,5.0000,5.0000
8.680000,0.000000,1.085470,1.202914,0.170966,0.217094,-0.000954,-1.929182,5.0000,5.0000
8.690326,0.000000,-13.051282,-3.073345,0.277508,-2.610256,0.002861,0.112332,5.0000,5.0000
8.700259,0.000000,4.623932,-0.764162,-0.020359,0.924786,0.001717,1.694750,5.0000,5.0000
8.710054,0.000000,6.641026,1.457394,-0.020359,1.328205,-0.001717,-1.636142,5.0000,5.0000
8.720058,0.000000,-13.000000,-2.879824,0.250984,-2.600000,0.002861,-0.043956,5.0000,5.0000
8.730077,0.000000,2.982906,-1.121005,0.149349,0.596581,0.002480,1.948718,5.0000,5.0000
8.741323,0.000000,11.188034,2.571707,0.074030,2.237607,0.000572,0.971917,5.0000,5.0000
8.750254,0.000000,-11.393162,-1.617754,0.074030,-2.278632,0.001717,-0.971917,5.0000,5.0000
8.760008,0.000000,0.589744,-0.955505,0.291410,0.117949,0.002861,1.978022,5.0000,5.0000
8.770226,0.000000,12.213675,2.995249,0.291410,2.442735,-0.000954,-0.551893,5.0000,5.0000
8.780241,0.000000,-6.760684,0.068469,0.087782,-1.352137,0.000572,-1.538462,5.0000,5.0000
8.790000,0.000000,-4.692308,-1.359764,0.087782,-0.938462,0.003243,1.772894,5.0000,5.0000
8.800000,0.000000,12.726496,2.866114,0.106177,2.545299,-0.000954,-0.200244,5.0000,5.0000
8.810697,0.000000,3.102564,2.937049,0.282567,0.620513,-0.000954,-1.880342,5.0000,5.0000
8.820278,0.000000,-9.307692,-0.736373,0.023799,-1.861538,0.003624,1.304029,5.0000,5.0000
8.830313,0.000000,11.649573,2.979410,0.023799,2.329915,0.000191,0.630037,5.0000,5.0000
8.840288,0.000000,0.641026,2.277895,0.235293,0.128205,-0.000954,-1.958486,5.0000,5.0000
8.850331,0.000000,-12.367521,-2.115730,0.235293,-2.473504,0.003243,0.639805,5.0000,5.0000
8.860000,0.000000,11.393162,1.936938,0.211220,2.278632,0.000572,0.825397,5.0000,5.0000
8.870000,0.000000,2.589744,2.132780,0.211220,0.517949,-0.000954,-1.890110,5.0000,5.0000
8.880523,0.000000,-12.623932,-2.294234,0.019941,-2.524786,0.002098,-0.649573,5.0000,5.0000
8.890683,0.000000,-1.991453,-2.203400,0.271977,-0.398291,0.003243,1.938950,5.0000,5.0000
8.900825,0.000000,12.692308,2.265313,0.151204,2.538462,-0.000954,-0.278388,5.0000,5.0000
8.911012,0.000000,-3.051282,0.670334,0.151204,-0.610256,-0.000191,-1.704518,5.0000,5.0000
8.920000,0.000000,2.846154,1.323080,0.084247,0.569231,0.002480,1.909646,5.0000,5.0000
8.930000,0.000000,10.692308,4.133848,0.084247,2.138462,-0.001335,-1.079365,5.0000,5.0000
8.940026,0.000000,-10.931624,-0.385793,0.259580,-2.186325,0.001717,-1.040293,5.0000,5.0000
8.952976,0.000000,2.418803,0.455586,0.070091,0.483761,-0.000954,-1.919414,5.0000,5.0000
8.960397,0.000000,12.811966,4.162500,0.155051,2.562393,-0.000191,0.327228,5.0000,5.0000
8.970214,0.000000,-4.094017,1.685545,0.155051,-0.818803,-0.000191,-1.831502,5.0000,5.0000
8.980285,0.000000,-9.905983,-1.791914,0.288065,-1.981197,0.003624,1.177045,5.0000,5.0000
8.990417,0.000000,11.068376,2.066173,0.288065,2.213675,0.000572,1.059829,5.0000,5.0000
9.000228,0.000000,1.324786,1.843757,-0.004179,0.264957,-0.000954,-1.860806,5.0000,5.0000
9.010303,0.000000,-12.811966,-2.552960,0.215663,-2.562393,0.003243,0.336996,5.0000,5.0000
9.020913,0.000000,-1.085470,-2.112713,0.212119,-0.217094,0.002861,1.919414,5.0000,5.0000
9.030000,0.000000,2.418803,-0.753258,0.212119,0.483761,-0.000954,-1.841270,5.0000,5.0000
9.041923,0.000000,4.504274,0.824001,0.045470,0.900855,-0.000954,-1.743590,5.0000,5.0000
9.050231,0.000000,3.717949,1.692186,0.045470,0.743590,0.002098,1.802198,5.0000,5.0000
9.060252,0.000000,9.769231,4.115299,0.257625,1.953846,-0.001335,-1.147741,5.0000,5.0000
9.070204,0.000000,-11.427350,-0.547496,0.257625,-2.285470,0.001717,-0.805861,5.0000,5.0000
9.080215,0.000000,-2.094017,-1.011452,0.131875,-0.418803,0.002861,1.841270,5.0000,5.0000
9.090242,0.000000,12.213675,2.956086,0.065222,2.442735,-0.001335,-0.542125,5.0000,5.0000
9.100000,0.000000,-10.264957,-1.010227,0.283527,-2.052991,0.001335,-1.147741,5.0000,5.0000
9.112051,0.000000,-7.991453,-3.104595,0.283527,-1.598291,0.000572,-1.538462,5.0000,5.0000
9.120000,0.000000,12.794872,1.665245,0.097195,2.558974,-0.000954,-0.297924,5.0000,5.0000
9.130763,0.000000,4.606838,2.547723,0.097195,0.921368,-0.001335,-1.743590,5.0000,5.0000
9.140147,0.000000,-9.717949,-1.131979,0.101464,-1.943590,0.003624,1.343101,5.0000,5.0000
9.150000,0.000000,12.675214,3.010179,0.101464,2.535043,-0.000572,0.336996,5.0000,5.0000
9.160352,0.000000,4.777778,3.540459,0.272886,0.955556,-0.001335,-1.743590,5.0000,5.0000
9.170598,0.000000,-13.444444,-1.555012,0.001478,-2.688889,0.002861,-0.024420,5.0000,5.0000
9.181291,0.000000,-5.188034,-2.644919,0.221591,-1.037607,0.003243,1.792430,5.0000,5.0000
9.190246,0.000000,5.632479,-0.161700,0.221591,1.126496,-0.001335,-1.743590,5.0000,5.0000
9.200804,0.000000,-11.341880,-3.515754,0.236294,-2.268376,0.001335,-1.118437,5.0000,5.0000
9.210000,0.000000,7.461538,-0.222566,0.236294,1.492308,0.001335,1.440781,5.0000,5.0000
9.220000,0.000000,7.581197,2.118563,0.015471,1.516239,-0.001335,-1.489621,5.0000,5.0000
9.230314,0.000000,-11.717949,-2.032391,0.235034,-2.343590,0.001717,-0.874237,5.0000,5.0000
9.241168,0.000000,-11.222222,-4.789340,0.150863,-2.244444,0.003624,1.020757,5.0000,5.0000
9.250592,0.000000,12.948718,0.532077,0.086364,2.589744,-0.000572,0.014652,5.0000,5.0000
9.260528,0.000000,-5.615385,-1.312161,0.086364,-1.123077,0.000572,-1.636142,5.0000,5.0000
9.270692,0.000000,-9.974359,-3.910821,0.086364,-1.994872,0.003624,1.137973,5.0000,5.0000
9.280197,0.000000,12.846154,1.116272,0.274613,2.569231,-0.000954,-0.239316,5.0000,5.0000
9.290069,0.000000,-6.863248,-1.277584,0.069047,-1.372650,0.000572,-1.606838,5.0000,5.0000
9.300275,0.000000,-9.905983,-3.866104,0.069047,-1.981197,0.003624,1.177045,5.0000,5.0000
9.311293,0.000000,0.675214,-2.503709,0.120256,0.135043,0.002861,1.938950,5.0000,5.0000
9.320477,0.000000,2.316239,-1.057724,0.302277,0.463248,-0.000954,-1.821734,5.0000,5.0000
9.331978,0.000000,-1.068376,-1.060920,-0.005078,-0.213675,-0.000572,-1.909646,5.0000,5.0000
9.340664,0.000000,3.871795,0.418895,-0.005078,0.774359,0.002098,1.860806,5.0000,5.0000
9.350092,0.000000,2.794872,1.131688,0.215699,0.558974,-0.000954,-1.909646,5.0000,5.0000
9.360062,0.000000,-12.367521,-2.918075,0.215699,-2.473504,0.003243,0.561661,5.0000,5.0000
9.370000,0.000000,8.982906,0.652219,0.192248,1.796581,0.000954,1.323565,5.0000,5.0000
9.380021,0.000000,6.128205,2.295015,0.192248,1.225641,-0.001335,-1.665446,5.0000,5.0000
9.390327,0.000000,-12.299145,-2.083233,0.042812,-2.459829,0.001717,-0.932845,5.0000,5.0000
9.400252,0.000000,-0.076923,-1.481340,0.265076,-0.015385,0.002480,1.782662,5.0000,5.0000
9.410653,0.000000,13.017094,2.868190,0.116128,2.603419,-0.000572,0.053724,5.0000,5.0000
9.420361,0.000000,-8.179487,-0.446113,0.116128,-1.635897,0.000954,-1.284493,5.0000,5.0000
9.430442,0.000000,-7.427350,-2.540484,0.059904,-1.485470,0.003624,1.557998,5.0000,5.0000
9.440060,0.000000,12.675214,2.024225,0.059904,2.535043,-0.000954,-0.258852,5.0000,5.0000
9.450137,0.000000,-5.905983,-0.354837,0.256263,-1.181197,0.000572,-1.714286,5.0000,5.0000
9.463083,0.000000,8.350427,2.256742,0.103609,1.670085,-0.001335,-1.557998,5.0000,5.0000
9.470716,0.000000,8.555556,4.146386,0.103609,1.711111,0.001335,1.343101,5.0000,5.0000
9.481469,0.000000,11.871795,6.464009,0.131508,2.374359,-0.001335,-0.737485,5.0000,5.0000
9.490654,0.000000,-12.948718,0.640191,0.283185,-2.589744,0.002861,0.034188,5.0000,5.0000
9.500193,0.000000,10.794872,3.686595,0.283185,2.158974,0.000572,1.089133,5.0000,5.0000
9.510000,0.000000,1.017094,2.885745,-0.018100,0.203419,-0.000572,-1.890110,5.0000,5.0000
9.520000,0.000000,-11.940171,-1.562030,-0.018100,-2.388034,0.003243,0.678877,5.0000,5.0000
9.530288,0.000000,6.162393,0.755297,0.228935,1.232479,0.001717,1.665446,5.0000,5.0000
9.540024,0.000000,4.606838,1.910759,0.221266,0.921368,-0.001335,-1.811966,5.0000,5.0000
9.552516,0.000000,10.333333,4.437531,0.036873,2.066667,-0.001717,-1.167277,5.0000,5.0000
9.561512,0.000000,-11.273504,-0.275779,0.036873,-2.254701,0.003243,0.971917,5.0000,5.0000
9.572436,0.000000,-1.461538,-0.631507,0.242722,-0.292308,0.002480,1.821734,5.0000,5.0000
9.580000,0.000000,-13.256410,-4.418978,0.242722,-2.651282,0.002098,-0.356532,5.0000,5.0000
9.590000,0.000000,1.632479,-2.603541,0.067621,0.326496,0.002480,1.821734,5.0000,5.0000
9.600000,0.000000,10.435897,1.308291,0.122066,2.087179,-0.001717,-1.069597,5.0000,5.0000
9.610000,0.000000,-10.914530,-2.358556,0.122066,-2.182906,0.001335,-0.962149,5.0000,5.0000
9.620131,0.000000,-4.880342,-3.115091,0.292604,-0.976068,0.003243,1.772894,5.0000,5.0000
9.631537,0.000000,0.675214,-1.978000,0.004286,0.135043,0.002861,1.938950,5.0000,5.0000
9.641738,0.000000,12.076923,2.238477,0.157873,2.415385,-0.000954,-0.561661,5.0000,5.0000
9.650488,0.000000,-11.444444,-1.866399,0.157873,-2.288889,0.003624,0.913309,5.0000,5.0000
9.660210,0.000000,12.179487,2.347367,0.157873,2.435897,0.000191,0.678877,5.0000,5.0000
9.670499,0.000000,4.128205,2.881618,0.269487,0.825641,-0.000954,-1.782662,5.0000,5.0000
9.680727,0.000000,-13.068376,-1.903380,0.007080,-2.613675,0.002480,-0.405372,5.0000,5.0000
9.690401,0.000000,7.102564,0.798403,0.228485,1.420513,0.001717,1.636142,5.0000,5.0000
9.702552,0.000000,3.854701,1.715292,0.228485,0.770940,0.002098,1.724054,5.0000,5.0000
9.710054,0.000000,-12.418803,-2.524936,0.173747,-2.483761,0.003243,0.493284,5.0000,5.0000
9.722872,0.000000,-9.700855,-4.677712,0.028225,-1.940171,0.000954,-1.284493,5.0000,5.0000
9.730307,0.000000,9.564103,-0.405168,0.028225,1.912821,-0.001717,-1.333333,5.0000,5.0000
9.740343,0.000000,-11.820513,-3.829771,0.266596,-2.364103,0.001717,-0.815629,5.0000,5.0000
9.750000,0.000000,2.675214,-1.878276,0.266596,0.535043,0.002098,1.714286,5.0000,5.0000
9.760133,0.000000,10.982906,1.980079,0.109542,2.196581,-0.001717,-0.932845,5.0000,5.0000
9.770369,0.000000,-9.000000,-1.313945,0.072167,-1.800000,0.000954,-1.255189,5.0000,5.0000
9.780000,0.000000,-0.521368,-1.076172,0.072167,-0.104274,0.002480,1.870574,5.0000,5.0000
9.790324,0.000000,12.846154,3.100526,0.274121,2.569231,-0.001335,-0.376068,5.0000,5.0000
9.800000,0.000000,-10.470085,-0.970657,-0.005101,-2.094017,0.001335,-1.147741,5.0000,5.0000
9.810192,0.000000,-6.829060,-2.728178,-0.005101,-1.365812,0.003243,1.675214,5.0000,5.0000
9.820254,0.000000,12.811966,1.933865,0.220145,2.562393,-0.000572,0.170940,5.0000,5.0000
9.832641,0.000000,9.888889,4.320372,0.211328,1.977778,0.000954,1.235653,5.0000,5.0000
9.840262,0.000000,-10.264957,-0.055227,0.211328,-2.052991,0.003624,1.196581,5.0000,5.0000
9.852834,0.000000,-13.256410,-4.015582,0.028781,-2.651282,0.002861,-0.083028,5.0000,5.0000
9.861069,0.000000,9.153846,-0.064753,0.224230,1.830769,-0.001335,-1.323565,5.0000,5.0000
9.872324,0.000000,2.623932,0.741852,0.224230,0.524786,-0.000954,-1.792430,5.0000,5.0000
9.880000,0.000000,12.401709,4.239809,0.134443,2.480342,-0.000191,0.542125,5.0000,5.0000
9.890039,0.000000,-0.470085,2.826841,0.134443,-0.094017,-0.000572,-1.919414,5.0000,5.0000
9.900051,0.000000,-11.256410,-1.398134,0.083843,-2.251282,0.003624,1.020757,5.0000,5.0000
9.910096,0.000000,11.017094,2.326434,0.305145,2.203419,0.000572,0.952381,5.0000,5.0000
9.920421,0.000000,5.752137,3.354145,-0.021201,1.150427,-0.001335,-1.616606,5.0000,5.0000
9.931218,0.000000,-6.811966,0.304312,-0.021201,-1.362393,0.000954,-1.431013,5.0000,5.0000
9.940639,0.000000,0.350427,0.318146,0.202517,0.070085,0.002861,2.056166,5.0000,5.0000
9.950000,0.000000,4.658120,1.620138,0.202517,0.931624,-0.000954,-1.724054,5.0000,5.0000
9.960091,0.000000,-13.205128,-2.827442,0.231908,-2.641026,0.002861,0.053724,5.0000,5.0000
9.970114,0.000000,4.111111,-0.745876,0.038862,0.822222,0.002098,1.792430,5.0000,5.0000
9.983710,0.000000,-12.794872,-4.360575,0.254832,-2.558974,0.003243,0.473748,5.0000,5.0000
9.990110,0.000000,-12.846154,-6.906248,0.254832,-2.569231,0.002098,-0.493284,5.0000,5.0000
10.000803,0.000000,-8.042735,-7.247194,0.092361,-1.608547,0.003624,1.440781,5.0000,5.0000
10.010503,0.000000,12.487179,-1.326882,0.092361,2.497436,-0.000954,-0.288156,5.0000,5.0000
10.024581,0.000000,-7.410256,-3.151894,0.071177,-1.482051,0.003243,1.577534,5.0000,5.0000
10.030373,0.000000,-5.444444,-3.839659,0.071177,-1.088889,0.003624,1.821734,5.0000,5.0000
10.040000,0.000000,11.854701,0.868649,0.312667,2.370940,-0.000954,-0.493284,5.0000,5.0000
10.050095,0.000000,-7.341880,-1.594510,0.000433,-1.468376,0.000191,-1.733822,5.0000,5.0000
10.060192,0.000000,-7.581197,-3.390516,0.171987,-1.516239,0.003243,1.557998,5.0000,5.0000
10.070157,0.000000,12.863248,1.485613,0.216112,2.572650,-0.000572,0.190476,5.0000,5.0000
10.080652,0.000000,3.854701,2.196339,0.216112,0.770940,-0.000954,-1.782662,5.0000,5.0000
10.090320,0.000000,-10.948718,-1.747178,0.025664,-2.189744,0.003624,0.971917,5.0000,5.0000
10.100598,0.000000,8.504274,1.328258,0.025664,1.700855,0.000954,1.343101,5.0000,5.0000
10.110149,0.000000,0.709402,1.142601,0.252677,0.141880,-0.000954,-1.870574,5.0000,5.0000
10.120000,0.000000,-11.119658,-2.536077,0.252677,-2.223932,0.003624,1.069597,5.0000,5.0000
10.130000,0.000000,10.726496,1.442695,0.129127,2.145299,0.000572,0.913309,5.0000,5.0000
10.140159,0.000000,4.521368,2.366297,0.046777,0.904274,-0.000954,-1.753358,5.0000,5.0000
10.150665,0.000000,-12.282051,-2.028208,0.046777,-2.456410,0.002098,-0.727717,5.0000,5.0000
10.160331,0.000000,5.085470,0.105896,0.284354,1.017094,0.001717,1.636142,5.0000,5.0000
