time_s,f_des_N,f_raw_N,f_filt_N,tau_cmd_Nm,tau_meas_Nm,pos_rad,vel_rad_s,accel_rad_s2,kp,ki,kd_f,lpf_alpha
0.010866,0.000000,0.071384,0.077260,0.000000,-0.005128,-0.000191,0.024420,0.000000,0.000000,0.000000,0.000000,0.3000
0.020405,0.000000,0.071384,0.075497,0.000000,0.001709,-0.000191,-0.170940,0.000000,0.000000,0.000000,0.000000,0.3000
0.030262,0.000000,0.094166,0.081098,0.000000,0.008547,-0.000191,0.043956,0.000000,0.000000,0.000000,0.000000,0.3000
0.041876,0.000000,0.101163,0.087118,0.000000,0.018803,-0.000191,-0.043956,0.000000,0.000000,0.000000,0.000000,0.3000
0.050959,0.000000,0.101163,0.091331,0.000000,-0.008547,-0.000191,0.014652,0.000000,0.000000,0.000000,0.000000,0.3000
0.060000,0.000000,0.081358,0.088339,0.000000,-0.008547,-0.000191,-0.043956,0.000000,0.000000,0.000000,0.000000,0.3000
0.070101,0.000000,0.056816,0.078882,0.000000,-0.022222,-0.000191,-0.073260,0.000000,0.000000,0.000000,0.000000,0.3000
0.080143,0.000000,0.056816,0.072262,0.000000,0.015385,-0.000191,0.004884,0.000000,0.000000,0.000000,0.000000,0.3000
0.090290,0.000000,0.074446,0.072918,0.000000,-0.015385,-0.000191,-0.014652,0.000000,0.000000,0.000000,0.000000,0.3000
0.100783,0.000000,0.100184,0.081097,0.000000,0.001709,-0.000191,0.004884,0.000000,0.000000,0.000000,0.000000,0.3000
0.110116,0.000000,0.100184,0.086823,0.000000,-0.015385,-0.000191,0.053724,0.000000,0.000000,0.000000,0.000000,0.3000
0.120000,0.000000,0.081717,0.085291,0.000000,-0.025641,-0.000191,0.043956,0.000000,0.000000,0.000000,0.000000,0.3000
0.131181,0.000000,0.075156,0.082251,0.000000,-0.011966,-0.000191,0.043956,0.000000,0.000000,0.000000,0.000000,0.3000
0.140453,0.000000,0.075156,0.080122,0.000000,0.018803,-0.000191,0.053724,0.000000,0.000000,0.000000,0.000000,0.3000
0.150164,0.000000,0.066049,0.075900,0.000000,0.005128,-0.000191,-0.004884,0.000000,0.000000,0.000000,0.000000,0.3000
0.160344,0.000000,0.083083,0.078055,0.000000,-0.008547,-0.000191,-0.053724,0.000000,0.000000,0.000000,0.000000,0.3000
0.170014,0.000000,0.083083,0.079563,0.000000,0.001709,-0.000191,0.014652,0.000000,0.000000,0.000000,0.000000,0.3000
0.182315,0.000000,0.079636,0.079585,0.000000,0.008547,-0.000191,-0.043956,0.000000,0.000000,0.000000,0.000000,0.3000
0.191820,0.000000,0.079636,0.079601,0.000000,0.005128,-0.000191,0.034188,0.000000,0.000000,0.000000,0.000000,0.3000
0.200155,0.000000,0.064745,0.075144,0.000000,-0.001709,-0.000191,-0.034188,0.000000,0.000000,0.000000,0.000000,0.3000
0.210153,0.000000,0.072447,0.074335,0.000000,-0.005128,-0.000191,0.092796,0.000000,0.000000,0.000000,0.000000,0.3000
0.220430,0.000000,0.072447,0.073768,0.000000,0.008547,-0.000191,-0.014652,0.000000,0.000000,0.000000,0.000000,0.3000
0.230297,0.000000,0.074057,0.073855,0.000000,0.008547,-0.000191,0.004884,0.000000,0.000000,0.000000,0.000000,0.3000
0.240262,0.000000,0.095683,0.080403,0.000000,-0.001709,-0.000191,0.083028,0.000000,0.000000,0.000000,0.000000,0.3000
0.250282,0.000000,0.095683,0.084987,0.000000,-0.005128,-0.000191,-0.063492,0.000000,0.000000,0.000000,0.000000,0.3000
0.260411,0.000000,0.069738,0.080412,0.000000,-0.018803,-0.000191,-0.043956,0.000000,0.000000,0.000000,0.000000,0.3000
0.270104,0.000000,0.069738,0.077210,0.000000,-0.025641,-0.000191,0.014652,0.000000,0.000000,0.000000,0.000000,0.3000
0.280816,0.000000,0.064753,0.073473,0.000000,0.001709,-0.000191,-0.063492,0.000000,0.000000,0.000000,0.000000,0.3000
0.290257,0.000000,0.061716,0.069946,0.000000,0.018803,-0.000191,-0.004884,0.000000,0.000000,0.000000,0.000000,0.3000
0.300027,0.000000,0.061716,0.067477,0.000000,-0.001709,-0.000191,0.092796,0.000000,0.000000,0.000000,0.000000,0.3000
0.310005,0.000000,0.080525,0.071391,0.000000,-0.008547,-0.000191,0.004884,0.000000,0.000000,0.000000,0.000000,0.3000
0.320000,0.000000,0.099914,0.079948,0.000000,-0.008547,-0.000191,0.034188,0.000000,0.000000,0.000000,0.000000,0.3000
0.330325,0.000000,0.099914,0.085938,0.000000,-0.029060,-0.000191,-0.024420,0.000000,0.000000,0.000000,0.000000,0.3000
0.340700,0.000000,0.075729,0.082875,0.000000,-0.008547,-0.000191,0.014652,0.000000,0.000000,0.000000,0.000000,0.3000
0.350419,0.000000,0.067729,0.078331,0.000000,-0.005128,-0.000191,-0.092796,0.000000,0.000000,0.000000,0.000000,0.3000
0.360525,0.000000,0.067729,0.075151,0.000000,0.008547,-0.000191,-0.014652,0.000000,0.000000,0.000000,0.000000,0.3000
0.370191,0.000000,0.063209,0.071568,0.000000,0.008547,-0.000191,-0.014652,0.000000,0.000000,0.000000,0.000000,0.3000
0.380874,0.000000,0.063209,0.069060,0.000000,-0.005128,-0.000191,-0.024420,0.000000,0.000000,0.000000,0.000000,0.3000
0.390499,0.000000,0.088750,0.074967,0.000000,0.008547,-0.000191,-0.034188,0.000000,0.000000,0.000000,0.000000,0.3000
0.401987,0.000000,0.080381,0.076591,0.000000,-0.015385,-0.000191,-0.073260,0.000000,0.000000,0.000000,0.000000,0.3000
0.411078,0.000000,0.080381,0.077728,0.000000,-0.001709,-0.000191,-0.034188,0.000000,0.000000,0.000000,0.000000,0.3000
0.420000,0.000000,0.066631,0.074399,0.000000,-0.011966,-0.000191,0.043956,0.000000,0.000000,0.000000,0.000000,0.3000
0.430000,0.000000,0.058930,0.069758,0.000000,0.005128,-0.000191,0.122100,0.000000,0.000000,0.000000,0.000000,0.3000
0.440558,0.000000,0.058930,0.066510,0.000000,0.005128,-0.000191,0.014652,0.000000,0.000000,0.000000,0.000000,0.3000
0.450233,0.000000,0.071971,0.068148,0.000000,-0.008547,-0.000191,0.014652,0.000000,0.000000,0.000000,0.000000,0.3000
0.460366,0.000000,0.071971,0.069295,0.000000,-0.008547,-0.000191,-0.053724,0.000000,0.000000,0.000000,0.000000,0.3000
0.470047,0.000000,0.088189,0.074963,0.000000,0.005128,-0.000191,-0.004884,0.000000,0.000000,0.000000,0.000000,0.3000
0.480977,0.000000,0.079175,0.076227,0.000000,-0.039316,-0.000191,-0.004884,0.000000,0.000000,0.000000,0.000000,0.3000
0.490092,0.000000,0.071118,0.074694,0.000000,-0.005128,-0.000191,-0.053724,0.000000,0.000000,0.000000,0.000000,0.3000
0.503160,0.000000,0.071118,0.073621,0.000000,-0.015385,-0.000191,-0.014652,0.000000,0.000000,0.000000,0.000000,0.3000
0.510194,0.000000,0.081212,0.075898,0.000000,-0.005128,-0.000191,0.043956,0.000000,0.000000,0.000000,0.000000,0.3000
0.520570,0.000000,0.081212,0.077493,0.000000,-0.018803,-0.000191,-0.083028,0.000000,0.000000,0.000000,0.000000,0.3000
0.530475,0.000000,0.093457,0.082282,0.000000,-0.039316,-0.000191,0.063492,0.000000,0.000000,0.000000,0.000000,0.3000
0.540298,0.000000,0.094121,0.085834,0.000000,-0.005128,-0.000191,-0.004884,0.000000,0.000000,0.000000,0.000000,0.3000
0.550362,0.000000,0.094121,0.088320,0.000000,0.011966,-0.000191,0.063492,0.000000,0.000000,0.000000,0.000000,0.3000
0.560000,0.000000,0.075720,0.084540,0.000000,0.005128,-0.000191,0.004884,0.000000,0.000000,0.000000,0.000000,0.3000
0.570000,0.000000,0.075720,0.081894,0.000000,-0.008547,-0.000191,0.063492,0.000000,0.000000,0.000000,0.000000,0.3000
0.581331,0.000000,0.071256,0.078703,0.000000,0.008547,0.000191,0.141636,0.000000,0.000000,0.000000,0.000000,0.3000
0.590334,0.000000,0.074310,0.077385,0.000000,0.001709,-0.000191,0.014652,0.000000,0.000000,0.000000,0.000000,0.3000
0.600859,0.000000,0.096164,0.083019,0.000000,-0.005128,-0.000191,-0.014652,0.000000,0.000000,0.000000,0.000000,0.3000
0.610014,0.000000,0.096164,0.086962,0.000000,0.005128,-0.000191,0.034188,0.000000,0.000000,0.000000,0.000000,0.3000
0.620032,0.000000,0.084230,0.086143,0.000000,-0.025641,-0.000191,-0.004884,0.000000,0.000000,0.000000,0.000000,0.3000
0.630053,0.000000,0.084230,0.085569,0.000000,0.005128,-0.000191,-0.043956,0.000000,0.000000,0.000000,0.000000,0.3000
0.640798,0.000000,0.065683,0.079603,0.000000,-0.018803,-0.000191,-0.073260,0.000000,0.000000,0.000000,0.000000,0.3000
0.650325,0.000000,0.054612,0.072106,0.000000,0.015385,-0.000191,-0.014652,0.000000,0.000000,0.000000,0.000000,0.3000
0.660427,0.000000,0.054612,0.066858,0.000000,-0.001709,-0.000191,-0.024420,0.000000,0.000000,0.000000,0.000000,0.3000
0.671411,0.000000,0.072496,0.068549,0.000000,0.015385,-0.000191,-0.014652,0.000000,0.000000,0.000000,0.000000,0.3000
0.680416,0.000000,0.106934,0.080065,0.000000,0.018803,-0.000191,-0.004884,0.000000,0.000000,0.000000,0.000000,0.3000
0.690225,0.000000,0.106934,0.088125,0.000000,-0.022222,-0.000191,-0.053724,0.000000,0.000000,0.000000,0.000000,0.3000
0.700246,0.000000,0.069747,0.082612,0.000000,0.001709,-0.000191,-0.053724,0.000000,0.000000,0.000000,0.000000,0.3000
0.714124,0.000000,0.065593,0.077506,0.000000,-0.001709,-0.000191,-0.004884,0.000000,0.000000,0.000000,0.000000,0.3000
0.720512,0.000000,0.065593,0.073932,0.000000,0.008547,-0.000191,-0.112332,0.000000,0.000000,0.000000,0.000000,0.3000
0.730017,0.000000,0.071132,0.073092,0.000000,-0.011966,-0.000191,0.024420,0.000000,0.000000,0.000000,0.000000,0.3000
0.740972,0.000000,0.071132,0.072504,0.000000,0.011966,-0.000191,-0.073260,0.000000,0.000000,0.000000,0.000000,0.3000
0.750691,0.000000,0.097172,0.079905,0.000000,-0.005128,-0.000191,0.014652,0.000000,0.000000,0.000000,0.000000,0.3000
0.760033,0.000000,0.077140,0.079075,0.000000,-0.015385,-0.000191,0.053724,0.000000,0.000000,0.000000,0.000000,0.3000
0.770047,0.000000,0.077140,0.078495,0.000000,-0.008547,-0.000191,-0.161172,0.000000,0.000000,0.000000,0.000000,0.3000
0.780290,0.000000,0.071492,0.076394,0.000000,-0.008547,-0.000191,-0.024420,0.000000,0.000000,0.000000,0.000000,0.3000
0.790117,0.000000,0.055356,0.070082,0.000000,0.011966,-0.000191,0.043956,0.000000,0.000000,0.000000,0.000000,0.3000
0.800117,0.000000,0.055356,0.065664,0.000000,-0.011966,-0.000191,0.024420,0.000000,0.000000,0.000000,0.000000,0.3000
0.811678,0.000000,0.077052,0.069081,0.000000,-0.008547,-0.000191,0.034188,0.000000,0.000000,0.000000,0.000000,0.3000
0.820558,0.000000,0.077052,0.071472,0.000000,-0.008547,-0.000191,-0.024420,0.000000,0.000000,0.000000,0.000000,0.3000
0.830235,0.000000,0.087685,0.076336,0.000000,0.018803,-0.000191,0.053724,0.000000,0.000000,0.000000,0.000000,0.3000
0.840261,0.000000,0.070018,0.074441,0.000000,0.008547,-0.000191,0.083028,0.000000,0.000000,0.000000,0.000000,0.3000
0.850455,0.000000,0.070018,0.073114,0.000000,0.018803,-0.000191,0.024420,0.000000,0.000000,0.000000,0.000000,0.3000
0.861206,0.000000,0.072620,0.072966,0.000000,0.001709,-0.000191,0.083028,0.000000,0.000000,0.000000,0.000000,0.3000
0.870203,0.000000,0.042620,0.063862,0.000000,-0.008547,-0.000191,-0.004884,0.000000,0.000000,0.000000,0.000000,0.3000
0.881423,0.000000,0.042620,0.057489,0.000000,0.008547,-0.000191,-0.112332,0.000000,0.000000,0.000000,0.000000,0.3000
0.890067,0.000000,0.090480,0.067387,0.000000,0.005128,-0.000191,-0.004884,0.000000,0.000000,0.000000,0.000000,0.3000
0.900000,0.000000,0.088624,0.073758,0.000000,-0.011966,-0.000191,-0.034188,0.000000,0.000000,0.000000,0.000000,0.3000
0.910028,0.000000,0.088624,0.078218,0.000000,-0.039316,-0.000191,0.073260,0.000000,0.000000,0.000000,0.000000,0.3000
0.920420,0.000000,0.079470,0.078593,0.000000,-0.001709,-0.000191,-0.024420,0.000000,0.000000,0.000000,0.000000,0.3000
0.930668,0.000000,0.079470,0.078856,0.000000,-0.008547,-0.000191,-0.112332,0.000000,0.000000,0.000000,0.000000,0.3000
0.940000,0.000000,0.059172,0.072951,0.000000,0.008547,-0.000191,-0.112332,0.000000,0.000000,0.000000,0.000000,0.3000
0.950218,0.000000,0.066163,0.070914,0.000000,0.001709,-0.000191,0.024420,0.000000,0.000000,0.000000,0.000000,0.3000
0.960000,0.000000,0.066163,0.069489,0.000000,-0.005128,-0.000191,-0.043956,0.000000,0.000000,0.000000,0.000000,0.3000
0.970002,0.000000,0.096297,0.077531,0.000000,0.005128,-0.000191,-0.073260,0.000000,0.000000,0.000000,0.000000,0.3000
0.980016,0.000000,0.069593,0.075150,0.000000,0.005128,-0.000191,-0.024420,0.000000,0.000000,0.000000,0.000000,0.3000
0.990076,0.000000,0.069593,0.073483,0.000000,-0.005128,-0.000191,-0.083028,0.000000,0.000000,0.000000,0.000000,0.3000
1.000353,0.000000,0.066509,0.071391,0.000000,0.029060,-0.000191,0.014652,0.000000,0.000000,0.000000,0.000000,0.3000
1.010283,0.000000,0.054545,0.066337,0.000000,-0.005128,-0.000191,-0.034188,0.000000,0.000000,0.000000,0.000000,0.3000
1.020240,0.000000,0.054545,0.062800,0.000000,0.022222,-0.000191,0.024420,0.000000,0.000000,0.000000,0.000000,0.3000
1.030317,0.000000,0.084251,0.069235,0.000000,-0.015385,-0.000191,0.112332,0.000000,0.000000,0.000000,0.000000,0.3000
1.040000,0.000000,0.061108,0.066797,0.000000,0.005128,-0.000191,0.014652,0.000000,0.000000,0.000000,0.000000,0.3000
1.050000,0.000000,0.061108,0.065090,0.000000,-0.011966,-0.000191,0.024420,0.000000,0.000000,0.000000,0.000000,0.3000
1.060026,0.000000,0.062962,0.064452,0.000000,-0.042735,-0.000191,-0.014652,0.000000,0.000000,0.000000,0.000000,0.3000
1.070036,0.000000,0.062962,0.064005,0.000000,0.005128,-0.000191,-0.004884,0.000000,0.000000,0.000000,0.000000,0.3000
1.080208,0.000000,0.062188,0.063460,0.000000,-0.015385,-0.000191,0.004884,0.000000,0.000000,0.000000,0.000000,0.3000
1.090082,0.000000,0.068747,0.065046,0.000000,0.001709,-0.000191,0.092796,0.000000,0.000000,0.000000,0.000000,0.3000
1.100046,0.000000,0.068747,0.066156,0.000000,-0.029060,-0.000191,0.004884,0.000000,0.000000,0.000000,0.000000,0.3000
1.110054,0.000000,0.095835,0.075060,0.000000,0.015385,-0.000191,0.004884,0.000000,0.000000,0.000000,0.000000,0.3000
1.121558,0.000000,0.075983,0.075337,0.000000,-0.022222,-0.000191,-0.004884,0.000000,0.000000,0.000000,0.000000,0.3000
1.130161,0.000000,0.075983,0.075531,0.000000,-0.008547,-0.000191,0.083028,0.000000,0.000000,0.000000,0.000000,0.3000
1.140374,0.000000,0.071280,0.074255,0.000000,-0.001709,-0.000191,-0.053724,0.000000,0.000000,0.000000,0.000000,0.3000
1.150279,0.000000,0.063767,0.071109,0.000000,0.018803,-0.000191,0.034188,0.000000,0.000000,0.000000,0.000000,0.3000
1.160277,0.000000,0.063767,0.068906,0.000000,-0.008547,-0.000191,0.034188,0.000000,0.000000,0.000000,0.000000,0.3000
1.170264,0.000000,0.075361,0.070843,0.000000,-0.001709,-0.000191,-0.034188,0.000000,0.000000,0.000000,0.000000,0.3000
1.180276,0.000000,0.060997,0.067889,0.000000,-0.011966,-0.000191,0.004884,0.000000,0.000000,0.000000,0.000000,0.3000
1.190432,0.000000,0.060997,0.065821,0.000000,-0.011966,-0.000191,-0.024420,0.000000,0.000000,0.000000,0.000000,0.3000
1.200856,0.000000,0.064199,0.065335,0.000000,-0.001709,-0.000191,-0.034188,0.000000,0.000000,0.000000,0.000000,0.3000
1.210221,0.000000,0.064199,0.064994,0.000000,-0.008547,-0.000191,-0.004884,0.000000,0.000000,0.000000,0.000000,0.3000
1.220862,0.000000,0.055759,0.062224,0.000000,-0.025641,-0.000191,0.024420,0.000000,0.000000,0.000000,0.000000,0.3000
1.230000,0.000000,0.082057,0.068174,0.000000,-0.008547,-0.000191,-0.014652,0.000000,0.000000,0.000000,0.000000,0.3000
1.240000,0.000000,0.082057,0.072339,0.000000,0.011966,-0.000191,-0.004884,0.000000,0.000000,0.000000,0.000000,0.3000
1.250000,0.000000,0.099787,0.080573,0.000000,-0.008547,-0.000191,0.014652,0.000000,0.000000,0.000000,0.000000,0.3000
1.260017,0.000000,0.090647,0.083595,0.000000,0.011966,-0.000191,0.063492,0.000000,0.000000,0.000000,0.000000,0.3000
1.270300,0.000000,0.090647,0.085711,0.000000,-0.005128,-0.000191,0.004884,0.000000,0.000000,0.000000,0.000000,0.3000
1.280674,0.000000,0.066330,0.079897,0.000000,-0.001709,-0.000191,0.122100,0.000000,0.000000,0.000000,0.000000,0.3000
1.291212,0.000000,0.066330,0.075826,0.000000,-0.001709,-0.000191,0.043956,0.000000,0.000000,0.000000,0.000000,0.3000
1.300156,0.000000,0.052265,0.068758,0.000000,-0.008547,-0.000191,0.063492,0.000000,0.000000,0.000000,0.000000,0.3000
1.310251,0.000000,0.078921,0.071807,0.000000,0.018803,-0.000191,0.014652,0.000000,0.000000,0.000000,0.000000,0.3000
1.320280,0.000000,0.078921,0.073941,0.000000,-0.005128,-0.000191,0.004884,0.000000,0.000000,0.000000,0.000000,0.3000
1.330081,0.000000,0.095038,0.080270,0.000000,-0.001709,-0.000191,0.043956,0.000000,0.000000,0.000000,0.000000,0.3000
1.340014,0.000000,0.095038,0.084701,0.000000,-0.008547,-0.000191,-0.092796,0.000000,0.000000,0.000000,0.000000,0.3000
1.350093,0.000000,0.070460,0.080429,0.000000,-0.018803,-0.000191,0.004884,0.000000,0.000000,0.000000,0.000000,0.3000
1.360663,0.000000,0.074643,0.078693,0.000000,0.015385,-0.000191,-0.004884,0.000000,0.000000,0.000000,0.000000,0.3000
1.370189,0.000000,0.074643,0.077478,0.000000,0.011966,-0.000191,-0.102564,0.000000,0.000000,0.000000,0.000000,0.3000
1.380257,0.000000,0.067089,0.074361,0.000000,-0.001709,-0.000191,-0.053724,0.000000,0.000000,0.000000,0.000000,0.3000
1.390498,0.000000,0.089587,0.078929,0.000000,-0.001709,-0.000191,0.004884,0.000000,0.000000,0.000000,0.000000,0.3000
1.401996,0.000000,0.101060,0.085568,0.000000,-0.018803,-0.000191,0.014652,0.000000,0.000000,0.000000,0.000000,0.3000
1.410000,0.000000,0.101060,0.090216,0.000000,-0.008547,-0.000191,-0.073260,0.000000,0.000000,0.000000,0.000000,0.3000
1.420921,0.000000,0.088581,0.089725,0.000000,-0.008547,-0.000191,0.014652,0.000000,0.000000,0.000000,0.000000,0.3000
1.430000,0.000000,0.088581,0.089382,0.000000,0.005128,-0.000191,-0.043956,0.000000,0.000000,0.000000,0.000000,0.3000
1.440000,0.000000,0.071236,0.083938,0.000000,0.018803,-0.000191,0.004884,0.000000,0.000000,0.000000,0.000000,0.3000
1.450000,0.000000,0.069488,0.079603,0.000000,-0.029060,-0.000191,-0.073260,0.000000,0.000000,0.000000,0.000000,0.3000
1.460431,0.000000,0.069488,0.076568,0.000000,-0.005128,-0.000191,-0.063492,0.000000,0.000000,0.000000,0.000000,0.3000
1.470390,0.000000,0.085759,0.079326,0.000000,-0.008547,-0.000191,0.004884,0.000000,0.000000,0.000000,0.000000,0.3000
1.480195,0.000000,0.069311,0.076321,0.000000,0.011966,-0.000191,-0.034188,0.000000,0.000000,0.000000,0.000000,0.3000
1.490140,0.000000,0.069311,0.074218,0.000000,-0.005128,-0.000191,-0.102564,0.000000,0.000000,0.000000,0.000000,0.3000
1.500050,0.000000,0.060267,0.070033,0.000000,0.008547,-0.000191,-0.024420,0.000000,0.000000,0.000000,0.000000,0.3000
1.510109,0.000000,0.060267,0.067103,0.000000,-0.011966,-0.000191,0.004884,0.000000,0.000000,0.000000,0.000000,0.3000
1.520794,0.000000,0.064229,0.066241,0.000000,-0.001709,-0.000191,-0.102564,0.000000,0.000000,0.000000,0.000000,0.3000
1.530027,0.000000,0.082970,0.071259,0.000000,0.018803,-0.000191,-0.024420,0.000000,0.000000,0.000000,0.000000,0.3000
1.540276,0.000000,0.082970,0.074772,0.000000,-0.005128,-0.000191,-0.024420,0.000000,0.000000,0.000000,0.000000,0.3000
1.550357,0.000000,0.085240,0.077913,0.000000,0.001709,-0.000191,-0.073260,0.000000,0.000000,0.000000,0.000000,0.3000
1.560329,0.000000,0.060845,0.072793,0.000000,-0.008547,-0.000191,0.004884,0.000000,0.000000,0.000000,0.000000,0.3000
1.570154,0.000000,0.060845,0.069208,0.000000,-0.008547,-0.000191,-0.024420,0.000000,0.000000,0.000000,0.000000,0.3000
1.580182,0.000000,0.039419,0.060272,0.000000,0.018803,-0.000191,-0.073260,0.000000,0.000000,0.000000,0.000000,0.3000
1.590697,0.000000,0.039419,0.054016,0.000000,0.001709,-0.000191,-0.131868,0.000000,0.000000,0.000000,0.000000,0.3000
1.600366,0.000000,0.057255,0.054988,0.000000,0.011966,-0.000191,0.024420,0.000000,0.000000,0.000000,0.000000,0.3000
1.611519,0.000000,0.075915,0.061266,0.000000,-0.022222,-0.000191,0.004884,0.000000,0.000000,0.000000,0.000000,0.3000
1.620488,0.000000,0.075915,0.065661,0.000000,-0.018803,-0.000191,-0.014652,0.000000,0.000000,0.000000,0.000000,0.3000
1.630318,0.000000,0.050482,0.061107,0.000000,0.005128,-0.000191,-0.053724,0.000000,0.000000,0.000000,0.000000,0.3000
1.640144,0.000000,0.057123,0.059912,0.000000,0.005128,-0.000191,-0.034188,0.000000,0.000000,0.000000,0.000000,0.3000
1.650204,0.000000,0.057123,0.059075,0.000000,-0.018803,-0.000191,0.092796,0.000000,0.000000,0.000000,0.000000,0.3000
1.660472,0.000000,0.047996,0.055752,0.000000,0.011966,-0.000191,-0.043956,0.000000,0.000000,0.000000,0.000000,0.3000
1.670620,0.000000,0.067509,0.059279,0.000000,0.001709,-0.000191,0.102564,0.000000,0.000000,0.000000,0.000000,0.3000
1.680376,0.000000,0.067509,0.061748,0.000000,0.011966,-0.000191,0.004884,0.000000,0.000000,0.000000,0.000000,0.3000
1.690637,0.000000,0.083259,0.068201,0.000000,0.001709,-0.000191,0.014652,0.000000,0.000000,0.000000,0.000000,0.3000
1.700352,0.000000,0.064709,0.067154,0.000000,0.005128,-0.000191,0.083028,0.000000,0.000000,0.000000,0.000000,0.3000
1.710086,0.000000,0.064709,0.066420,0.000000,0.005128,-0.000191,0.073260,0.000000,0.000000,0.000000,0.000000,0.3000
1.722288,0.000000,0.056008,0.063297,0.000000,-0.029060,-0.000191,-0.083028,0.000000,0.000000,0.000000,0.000000,0.3000
1.730008,0.000000,0.056008,0.061110,0.000000,0.011966,-0.000191,0.073260,0.000000,0.000000,0.000000,0.000000,0.3000
1.740572,0.000000,0.045971,0.056568,0.000000,-0.001709,-0.000191,-0.014652,0.000000,0.000000,0.000000,0.000000,0.3000
1.750325,0.000000,0.082119,0.064234,0.000000,-0.018803,-0.000191,-0.014652,0.000000,0.000000,0.000000,0.000000,0.3000
1.760301,0.000000,0.082119,0.069599,0.000000,0.005128,-0.000191,0.004884,0.000000,0.000000,0.000000,0.000000,0.3000
1.770177,0.000000,0.083361,0.073728,0.000000,0.015385,-0.000191,0.034188,0.000000,0.000000,0.000000,0.000000,0.3000
1.780244,0.000000,0.054892,0.068077,0.000000,-0.008547,-0.000191,-0.014652,0.000000,0.000000,0.000000,0.000000,0.3000
1.790245,0.000000,0.054892,0.064122,0.000000,-0.022222,-0.000191,-0.141636,0.000000,0.000000,0.000000,0.000000,0.3000
1.800294,0.000000,0.042267,0.057565,0.000000,0.001709,-0.000191,0.083028,0.000000,0.000000,0.000000,0.000000,0.3000
1.810420,0.000000,0.053913,0.056470,0.000000,0.029060,-0.000191,0.004884,0.000000,0.000000,0.000000,0.000000,0.3000
1.820470,0.000000,0.053913,0.055703,0.000000,-0.015385,-0.000191,-0.053724,0.000000,0.000000,0.000000,0.000000,0.3000
1.830000,0.000000,0.076980,0.062086,0.000000,-0.035897,-0.000191,0.014652,0.000000,0.000000,0.000000,0.000000,0.3000
1.840000,0.000000,0.054754,0.059886,0.000000,0.001709,-0.000191,0.043956,0.000000,0.000000,0.000000,0.000000,0.3000
1.850000,0.000000,0.054754,0.058347,0.000000,0.001709,-0.000191,0.024420,0.000000,0.000000,0.000000,0.000000,0.3000
1.860386,0.000000,0.058071,0.058264,0.000000,-0.005128,-0.000191,0.004884,0.000000,0.000000,0.000000,0.000000,0.3000
1.870752,0.000000,0.055237,0.057356,0.000000,0.001709,-0.000191,0.141636,0.000000,0.000000,0.000000,0.000000,0.3000
1.880385,0.000000,0.055237,0.056720,0.000000,-0.001709,-0.000191,-0.024420,0.000000,0.000000,0.000000,0.000000,0.3000
1.890696,0.000000,0.075015,0.062209,0.000000,-0.008547,-0.000191,-0.043956,0.000000,0.000000,0.000000,0.000000,0.3000
1.900173,0.000000,0.075015,0.066051,0.000000,0.022222,-0.000191,-0.034188,0.000000,0.000000,0.000000,0.000000,0.3000
1.910185,0.000000,0.054698,0.062645,0.000000,-0.011966,-0.000191,0.024420,0.000000,0.000000,0.000000,0.000000,0.3000
1.923663,0.000000,0.047946,0.058235,0.000000,0.001709,-0.000191,-0.004884,0.000000,0.000000,0.000000,0.000000,0.3000
1.930908,0.000000,0.047946,0.055148,0.000000,-0.018803,-0.000191,0.004884,0.000000,0.000000,0.000000,0.000000,0.3000
1.940313,0.000000,0.035344,0.049207,0.000000,-0.008547,-0.000191,0.004884,0.000000,0.000000,0.000000,0.000000,0.3000
1.950088,0.000000,0.057312,0.051638,0.000000,-0.005128,-0.000191,-0.053724,0.000000,0.000000,0.000000,0.000000,0.3000
1.960028,0.000000,0.057312,0.053340,0.000000,-0.008547,-0.000191,0.141636,0.000000,0.000000,0.000000,0.000000,0.3000
1.970000,0.000000,0.073208,0.059301,0.000000,-0.001709,-0.000191,0.043956,0.000000,0.000000,0.000000,0.000000,0.3000
1.980000,0.000000,0.071435,0.062941,0.000000,-0.001709,-0.000191,0.043956,0.000000,0.000000,0.000000,0.000000,0.3000
1.990847,0.000000,0.071435,0.065489,0.000000,-0.025641,-0.000191,0.004884,0.000000,0.000000,0.000000,0.000000,0.3000
2.000302,0.000000,0.061994,0.064440,0.000000,-0.011966,-0.000191,-0.043956,0.000000,0.000000,0.000000,0.000000,0.3000
2.010037,0.000000,0.061994,0.063706,0.000000,-0.005128,-0.000191,0.024420,0.000000,0.000000,0.000000,0.000000,0.3000
2.020259,0.000000,0.055730,0.061313,0.000000,0.018803,-0.000191,-0.024420,0.000000,0.000000,0.000000,0.000000,0.3000
2.030785,0.000000,0.075897,0.065689,0.000000,-0.015385,-0.000191,0.112332,0.000000,0.000000,0.000000,0.000000,0.3000
2.040000,0.000000,0.075897,0.068751,0.000000,-0.001709,-0.000191,-0.004884,0.000000,0.000000,0.000000,0.000000,0.3000
2.050000,0.000000,0.085451,0.073761,0.000000,-0.005128,-0.000191,-0.043956,0.000000,0.000000,0.000000,0.000000,0.3000
2.061663,0.000000,0.039377,0.063446,0.000000,-0.018803,-0.000191,0.004884,0.000000,0.000000,0.000000,0.000000,0.3000
2.070000,0.000000,0.039377,0.056225,0.000000,-0.018803,-0.000191,-0.063492,0.000000,0.000000,0.000000,0.000000,0.3000
2.080000,0.000000,0.045036,0.052869,0.000000,-0.001709,-0.000191,-0.053724,0.000000,0.000000,0.000000,0.000000,0.3000
2.090000,0.000000,0.047783,0.051343,0.000000,0.018803,-0.000191,-0.063492,0.000000,0.000000,0.000000,0.000000,0.3000
2.100426,0.000000,0.047783,0.050275,0.000000,-0.015385,-0.000191,0.102564,0.000000,0.000000,0.000000,0.000000,0.3000
2.110175,0.000000,0.065805,0.054934,0.000000,0.011966,-0.000191,0.014652,0.000000,0.000000,0.000000,0.000000,0.3000
2.120250,0.000000,0.065805,0.058195,0.000000,-0.025641,-0.000191,-0.014652,0.000000,0.000000,0.000000,0.000000,0.3000
2.130435,0.000000,0.050967,0.056027,0.000000,-0.011966,-0.000191,-0.043956,0.000000,0.000000,0.000000,0.000000,0.3000
2.140933,0.000000,0.055444,0.055852,0.000000,-0.018803,-0.000191,-0.073260,0.000000,0.000000,0.000000,0.000000,0.3000
2.151586,0.000000,0.055444,0.055729,0.000000,0.001709,-0.000191,0.053724,0.000000,0.000000,0.000000,0.000000,0.3000
2.160618,0.000000,0.043265,0.051990,0.000000,-0.042735,-0.000191,0.092796,0.000000,0.000000,0.000000,0.000000,0.3000
2.170354,0.000000,0.058349,0.053898,0.000000,-0.005128,-0.000191,-0.014652,0.000000,0.000000,0.000000,0.000000,0.3000
2.180235,0.000000,0.058349,0.055233,0.000000,-0.022222,-0.000191,0.034188,0.000000,0.000000,0.000000,0.000000,0.3000
2.190000,0.000000,0.070304,0.059754,0.000000,0.011966,-0.000191,-0.151404,0.000000,0.000000,0.000000,0.000000,0.3000
2.200343,0.000000,0.074595,0.064206,0.000000,-0.011966,-0.000191,-0.034188,0.000000,0.000000,0.000000,0.000000,0.3000
2.211940,0.000000,0.074595,0.067323,0.000000,-0.001709,-0.000191,0.024420,0.000000,0.000000,0.000000,0.000000,0.3000
2.220184,0.000000,0.070573,0.068298,0.000000,-0.001709,-0.000191,-0.053724,0.000000,0.000000,0.000000,0.000000,0.3000
2.230182,0.000000,0.051803,0.063349,0.000000,-0.001709,-0.000191,-0.063492,0.000000,0.000000,0.000000,0.000000,0.3000
2.240000,0.000000,0.051803,0.059885,0.000000,-0.018803,-0.000191,0.014652,0.000000,0.000000,0.000000,0.000000,0.3000
2.250020,0.000000,0.077051,0.065035,0.000000,0.001709,-0.000191,0.122100,0.000000,0.000000,0.000000,0.000000,0.3000
2.261250,0.000000,0.077051,0.068640,0.000000,-0.015385,-0.000191,0.053724,0.000000,0.000000,0.000000,0.000000,0.3000
2.270512,0.000000,0.064300,0.067338,0.000000,0.005128,0.000191,0.180708,0.000000,0.000000,0.000000,0.000000,0.3000
2.280567,0.000000,0.062088,0.065763,0.000000,-0.022222,-0.000191,0.043956,0.000000,0.000000,0.000000,0.000000,0.3000
2.290108,0.000000,0.062088,0.064661,0.000000,-0.005128,-0.000191,-0.073260,0.000000,0.000000,0.000000,0.000000,0.3000
2.300713,0.000000,0.066590,0.065239,0.000000,-0.011966,-0.000191,-0.053724,0.000000,0.000000,0.000000,0.000000,0.3000
2.310000,0.000000,0.073719,0.067783,0.000000,-0.011966,-0.000191,0.053724,0.000000,0.000000,0.000000,0.000000,0.3000
2.320000,0.000000,0.073719,0.069564,0.000000,-0.015385,-0.000191,-0.073260,0.000000,0.000000,0.000000,0.000000,0.3000
2.330876,0.000000,0.081553,0.073161,0.000000,0.005128,-0.000191,-0.043956,0.000000,0.000000,0.000000,0.000000,0.3000
2.340421,0.000000,0.072166,0.072862,0.000000,0.005128,-0.000191,0.024420,0.000000,0.000000,0.000000,0.000000,0.3000
2.350090,0.000000,0.072166,0.072653,0.000000,0.005128,-0.000191,0.034188,0.000000,0.000000,0.000000,0.000000,0.3000
2.361768,0.000000,0.081154,0.075204,0.000000,-0.022222,-0.000191,-0.034188,0.000000,0.000000,0.000000,0.000000,0.3000
2.370277,0.000000,0.069519,0.073498,0.000000,-0.011966,-0.000191,0.083028,0.000000,0.000000,0.000000,0.000000,0.3000
2.380158,0.000000,0.069519,0.072305,0.000000,0.015385,-0.000191,0.043956,0.000000,0.000000,0.000000,0.000000,0.3000
2.390180,0.000000,0.096448,0.079548,0.000000,-0.005128,-0.000191,0.014652,0.000000,0.000000,0.000000,0.000000,0.3000
2.400745,0.000000,0.096448,0.084618,0.000000,-0.022222,-0.000191,-0.014652,0.000000,0.000000,0.000000,0.000000,0.3000
2.410364,0.000000,0.088041,0.085645,0.000000,-0.015385,-0.000191,-0.083028,0.000000,0.000000,0.000000,0.000000,0.3000
2.420571,0.000000,0.074835,0.082402,0.000000,0.008547,-0.000191,0.004884,0.000000,0.000000,0.000000,0.000000,0.3000
2.430602,0.000000,0.074835,0.080132,0.000000,-0.008547,-0.000191,-0.043956,0.000000,0.000000,0.000000,0.000000,0.3000
2.440000,0.000000,0.067209,0.076255,0.000000,-0.015385,-0.000191,-0.063492,0.000000,0.000000,0.000000,0.000000,0.3000
2.450000,0.000000,0.078263,0.076857,0.000000,0.018803,-0.000191,0.024420,0.000000,0.000000,0.000000,0.000000,0.3000
2.460000,0.000000,0.078263,0.077279,0.000000,0.011966,-0.000191,-0.004884,0.000000,0.000000,0.000000,0.000000,0.3000
2.470157,0.000000,0.093338,0.082097,0.000000,0.005128,-0.000191,-0.063492,0.000000,0.000000,0.000000,0.000000,0.3000
2.480289,0.000000,0.067220,0.077634,0.000000,-0.008547,-0.000191,-0.024420,0.000000,0.000000,0.000000,0.000000,0.3000
2.490012,0.000000,0.067220,0.074509,0.000000,-0.001709,-0.000191,-0.014652,0.000000,0.000000,0.000000,0.000000,0.3000
2.500523,0.000000,0.045803,0.065898,0.000000,-0.005128,-0.000191,0.043956,0.000000,0.000000,0.000000,0.000000,0.3000
2.510434,0.000000,0.043703,0.059239,0.000000,-0.005128,-0.000191,0.034188,0.000000,0.000000,0.000000,0.000000,0.3000
2.520068,0.000000,0.043703,0.054578,0.000000,0.005128,-0.000191,-0.004884,0.000000,0.000000,0.000000,0.000000,0.3000
2.530210,0.000000,0.065749,0.057929,0.000000,0.015385,-0.000191,0.063492,0.000000,0.000000,0.000000,0.000000,0.3000
2.541312,0.000000,0.065749,0.060275,0.000000,0.008547,-0.000191,-0.034188,0.000000,0.000000,0.000000,0.000000,0.3000
2.550390,0.000000,0.077104,0.065324,0.000000,0.008547,-0.000191,0.112332,0.000000,0.000000,0.000000,0.000000,0.3000
2.561236,0.000000,0.064208,0.064989,0.000000,-0.011966,-0.000191,0.043956,0.000000,0.000000,0.000000,0.000000,0.3000
2.570000,0.000000,0.064208,0.064755,0.000000,-0.018803,-0.000191,0.063492,0.000000,0.000000,0.000000,0.000000,0.3000
2.580001,0.000000,0.047134,0.059469,0.000000,-0.008547,-0.000191,0.092796,0.000000,0.000000,0.000000,0.000000,0.3000
2.590066,0.000000,0.057434,0.058858,0.000000,-0.008547,-0.000191,0.024420,0.000000,0.000000,0.000000,0.000000,0.3000
2.600416,0.000000,0.057434,0.058431,0.000000,-0.008547,-0.000191,0.073260,0.000000,0.000000,0.000000,0.000000,0.3000
2.610579,0.000000,0.086367,0.066812,0.000000,0.011966,-0.000191,-0.034188,0.000000,0.000000,0.000000,0.000000,0.3000
2.620587,0.000000,0.071123,0.068105,0.000000,-0.001709,-0.000191,-0.073260,0.000000,0.000000,0.000000,0.000000,0.3000
2.630546,0.000000,0.071123,0.069010,0.000000,-0.008547,-0.000191,-0.004884,0.000000,0.000000,0.000000,0.000000,0.3000
2.640612,0.000000,0.063883,0.067472,0.000000,0.001709,-0.000191,0.083028,0.000000,0.000000,0.000000,0.000000,0.3000
2.650392,0.000000,0.063883,0.066395,0.000000,0.001709,-0.000191,0.014652,0.000000,0.000000,0.000000,0.000000,0.3000
2.660000,0.000000,0.057440,0.063709,0.000000,-0.001709,-0.000191,-0.063492,0.000000,0.000000,0.000000,0.000000,0.3000
2.670817,0.000000,0.065644,0.064289,0.000000,-0.008547,-0.000191,0.053724,0.000000,0.000000,0.000000,0.000000,0.3000
2.680000,0.000000,0.065644,0.064696,0.000000,-0.008547,-0.000191,0.092796,0.000000,0.000000,0.000000,0.000000,0.3000
2.690089,0.000000,0.075977,0.068080,0.000000,-0.005128,-0.000191,0.004884,0.000000,0.000000,0.000000,0.000000,0.3000
2.701080,0.000000,0.062767,0.066486,0.000000,0.005128,-0.000191,0.004884,0.000000,0.000000,0.000000,0.000000,0.3000
2.710292,0.000000,0.062767,0.065371,0.000000,-0.018803,-0.000191,0.004884,0.000000,0.000000,0.000000,0.000000,0.3000
2.720000,0.000000,0.058651,0.063355,0.000000,0.008547,-0.000191,0.073260,0.000000,0.000000,0.000000,0.000000,0.3000
2.730000,0.000000,0.050167,0.059398,0.000000,0.005128,-0.000191,0.024420,0.000000,0.000000,0.000000,0.000000,0.3000
2.740905,0.000000,0.050167,0.056629,0.000000,-0.005128,-0.000191,0.131868,0.000000,0.000000,0.000000,0.000000,0.3000
2.750838,0.000000,0.075592,0.062318,0.000000,-0.018803,-0.000191,0.024420,0.000000,0.000000,0.000000,0.000000,0.3000
2.760436,0.000000,0.075592,0.066300,0.000000,0.001709,-0.000191,-0.053724,0.000000,0.000000,0.000000,0.000000,0.3000
2.770785,0.000000,0.046578,0.060383,0.000000,0.011966,-0.000191,0.004884,0.000000,0.000000,0.000000,0.000000,0.3000
2.780155,0.000000,0.047112,0.056402,0.000000,-0.011966,-0.000191,-0.063492,0.000000,0.000000,0.000000,0.000000,0.3000
2.790171,0.000000,0.047112,0.053615,0.000000,0.011966,-0.000191,0.063492,0.000000,0.000000,0.000000,0.000000,0.3000
2.802720,0.000000,0.044227,0.050799,0.000000,-0.001709,-0.000191,-0.092796,0.000000,0.000000,0.000000,0.000000,0.3000
2.810600,0.000000,0.074526,0.057917,0.000000,-0.005128,-0.000191,-0.131868,0.000000,0.000000,0.000000,0.000000,0.3000
2.820431,0.000000,0.074526,0.062900,0.000000,-0.008547,-0.000191,-0.043956,0.000000,0.000000,0.000000,0.000000,0.3000
2.830098,0.000000,0.085923,0.069807,0.000000,0.001709,-0.000191,-0.024420,0.000000,0.000000,0.000000,0.000000,0.3000
2.840780,0.000000,0.065273,0.068447,0.000000,-0.001709,-0.000191,-0.014652,0.000000,0.000000,0.000000,0.000000,0.3000
2.850155,0.000000,0.065273,0.067494,0.000000,-0.015385,-0.000191,-0.004884,0.000000,0.000000,0.000000,0.000000,0.3000
2.860173,0.000000,0.057562,0.064515,0.000000,-0.001709,-0.000191,-0.014652,0.000000,0.000000,0.000000,0.000000,0.3000
2.872752,0.000000,0.049794,0.060099,0.000000,-0.018803,-0.000191,0.073260,0.000000,0.000000,0.000000,0.000000,0.3000
2.880447,0.000000,0.049794,0.057007,0.000000,-0.018803,-0.000191,0.024420,0.000000,0.000000,0.000000,0.000000,0.3000
2.890644,0.000000,0.081222,0.064272,0.000000,-0.008547,-0.000191,-0.014652,0.000000,0.000000,0.000000,0.000000,0.3000
2.900515,0.000000,0.081371,0.069402,0.000000,-0.022222,-0.000191,0.004884,0.000000,0.000000,0.000000,0.000000,0.3000
2.910502,0.000000,0.081371,0.072993,0.000000,-0.001709,-0.000191,0.073260,0.000000,0.000000,0.000000,0.000000,0.3000
2.920000,0.000000,0.060503,0.069246,0.000000,0.011966,-0.000191,0.034188,0.000000,0.000000,0.000000,0.000000,0.3000
2.930000,0.000000,0.060503,0.066623,0.000000,-0.005128,-0.000191,-0.024420,0.000000,0.000000,0.000000,0.000000,0.3000
2.940529,0.000000,0.054607,0.063018,0.000000,-0.005128,-0.000191,-0.024420,0.000000,0.000000,0.000000,0.000000,0.3000
2.950036,0.000000,0.064548,0.063477,0.000000,-0.011966,-0.000191,0.034188,0.000000,0.000000,0.000000,0.000000,0.3000
2.960404,0.000000,0.064548,0.063798,0.000000,-0.022222,-0.000191,0.034188,0.000000,0.000000,0.000000,0.000000,0.3000
2.970542,0.000000,0.077137,0.067800,0.000000,-0.029060,-0.000191,0.043956,0.000000,0.000000,0.000000,0.000000,0.3000
2.980147,0.000000,0.043335,0.060460,0.000000,-0.001709,-0.000191,-0.083028,0.000000,0.000000,0.000000,0.000000,0.3000
2.990135,0.000000,0.043335,0.055323,0.000000,-0.018803,-0.000191,0.053724,0.000000,0.000000,0.000000,0.000000,0.3000
3.000186,0.000000,0.057157,0.055873,0.000000,0.011966,-0.000191,0.073260,0.000000,0.000000,0.000000,0.000000,0.3000
3.010261,0.000000,0.054981,0.055605,0.000000,0.011966,-0.000191,0.063492,0.000000,0.000000,0.000000,0.000000,0.3000
3.020382,0.000000,0.054981,0.055418,0.000000,-0.039316,-0.000191,-0.004884,0.000000,0.000000,0.000000,0.000000,0.3000
3.032104,0.000000,0.072771,0.060624,0.000000,0.025641,-0.000191,0.004884,0.000000,0.000000,0.000000,0.000000,0.3000
3.041192,0.000000,0.072771,0.064268,0.000000,0.011966,-0.000191,0.004884,0.000000,0.000000,0.000000,0.000000,0.3000
3.050059,0.000000,0.078486,0.068533,0.000000,-0.008547,-0.000191,0.004884,0.000000,0.000000,0.000000,0.000000,0.3000
3.060000,0.000000,0.068985,0.068669,0.000000,-0.008547,-0.000191,-0.092796,0.000000,0.000000,0.000000,0.000000,0.3000
3.070161,0.000000,0.068985,0.068763,0.000000,-0.042735,-0.000191,0.073260,0.000000,0.000000,0.000000,0.000000,0.3000
3.080976,0.000000,0.032798,0.057974,0.000000,-0.022222,-0.000191,-0.004884,0.000000,0.000000,0.000000,0.000000,0.3000
3.091232,0.000000,0.054830,0.057031,0.000000,0.008547,-0.000191,-0.024420,0.000000,0.000000,0.000000,0.000000,0.3000
3.100386,0.000000,0.054830,0.056371,0.000000,-0.008547,-0.000191,0.043956,0.000000,0.000000,0.000000,0.000000,0.3000
3.110811,0.000000,0.080727,0.063678,0.000000,0.008547,-0.000191,0.014652,0.000000,0.000000,0.000000,0.000000,0.3000
3.120192,0.000000,0.060799,0.062814,0.000000,-0.018803,0.000191,0.180708,0.000000,0.000000,0.000000,0.000000,0.3000
3.130218,0.000000,0.060799,0.062210,0.000000,0.001709,-0.000191,-0.004884,0.000000,0.000000,0.000000,0.000000,0.3000
3.140684,0.000000,0.069498,0.064396,0.000000,0.015385,-0.000191,0.092796,0.000000,0.000000,0.000000,0.000000,0.3000
3.150642,0.000000,0.055336,0.061678,0.000000,-0.005128,-0.000191,-0.043956,0.000000,0.000000,0.000000,0.000000,0.3000
3.160802,0.000000,0.055336,0.059775,0.000000,0.032479,-0.000191,-0.063492,0.000000,0.000000,0.000000,0.000000,0.3000
3.170000,0.000000,0.063820,0.060989,0.000000,-0.018803,-0.000191,-0.014652,0.000000,0.000000,0.000000,0.000000,0.3000
3.180341,0.000000,0.063820,0.061838,0.000000,0.011966,-0.000191,-0.063492,0.000000,0.000000,0.000000,0.000000,0.3000
3.190000,0.000000,0.090942,0.070569,0.000000,0.022222,-0.000191,0.102564,0.000000,0.000000,0.000000,0.000000,0.3000
3.200198,0.000000,0.066843,0.069452,0.000000,-0.029060,-0.000191,0.043956,0.000000,0.000000,0.000000,0.000000,0.3000
3.210223,0.000000,0.066843,0.068669,0.000000,0.005128,-0.000191,0.014652,0.000000,0.000000,0.000000,0.000000,0.3000
3.220611,0.000000,0.069872,0.069030,0.000000,0.001709,-0.000191,-0.053724,0.000000,0.000000,0.000000,0.000000,0.3000
3.230464,0.000000,0.055128,0.064859,0.000000,0.008547,-0.000191,-0.014652,0.000000,0.000000,0.000000,0.000000,0.3000
3.241293,0.000000,0.055128,0.061940,0.000000,0.008547,-0.000191,0.014652,0.000000,0.000000,0.000000,0.000000,0.3000
3.250320,0.000000,0.083432,0.068387,0.000000,-0.005128,-0.000191,0.024420,0.000000,0.000000,0.000000,0.000000,0.3000
3.260215,0.000000,0.072882,0.069736,0.000000,-0.001709,-0.000191,0.004884,0.000000,0.000000,0.000000,0.000000,0.3000
3.270249,0.000000,0.072882,0.070679,0.000000,0.005128,-0.000191,-0.024420,0.000000,0.000000,0.000000,0.000000,0.3000
3.280184,0.000000,0.055742,0.066198,0.000000,0.001709,-0.000191,0.043956,0.000000,0.000000,0.000000,0.000000,0.3000
3.293369,0.000000,0.055435,0.062969,0.000000,-0.005128,-0.000191,0.014652,0.000000,0.000000,0.000000,0.000000,0.3000
3.300634,0.000000,0.055435,0.060709,0.000000,0.015385,-0.000191,-0.014652,0.000000,0.000000,0.000000,0.000000,0.3000
3.310364,0.000000,0.057774,0.059829,0.000000,0.005128,-0.000191,-0.053724,0.000000,0.000000,0.000000,0.000000,0.3000
3.320241,0.000000,0.057774,0.059212,0.000000,-0.005128,-0.000191,-0.014652,0.000000,0.000000,0.000000,0.000000,0.3000
3.330319,0.000000,0.082108,0.066081,0.000000,-0.018803,-0.000191,0.014652,0.000000,0.000000,0.000000,0.000000,0.3000
3.340361,0.000000,0.059896,0.064225,0.000000,0.008547,-0.000191,0.024420,0.000000,0.000000,0.000000,0.000000,0.3000
3.351051,0.000000,0.059896,0.062926,0.000000,-0.035897,-0.000191,-0.063492,0.000000,0.000000,0.000000,0.000000,0.3000
3.360883,0.000000,0.056731,0.061068,0.000000,-0.011966,-0.000191,0.092796,0.000000,0.000000,0.000000,0.000000,0.3000
3.370285,0.000000,0.046665,0.056747,0.000000,-0.018803,-0.000191,-0.014652,0.000000,0.000000,0.000000,0.000000,0.3000
3.380608,0.000000,0.046665,0.053723,0.000000,-0.015385,-0.000191,0.043956,0.000000,0.000000,0.000000,0.000000,0.3000
3.390000,0.000000,0.067965,0.057995,0.000000,-0.005128,-0.000191,0.004884,0.000000,0.000000,0.000000,0.000000,0.3000
3.400052,0.000000,0.067965,0.060986,0.000000,0.001709,-0.000191,-0.043956,0.000000,0.000000,0.000000,0.000000,0.3000
3.410146,0.000000,0.072671,0.064492,0.000000,0.005128,-0.000191,-0.102564,0.000000,0.000000,0.000000,0.000000,0.3000
3.420347,0.000000,0.063168,0.064095,0.000000,-0.001709,0.000191,0.161172,0.000000,0.000000,0.000000,0.000000,0.3000
3.430340,0.000000,0.063168,0.063817,0.000000,0.015385,-0.000191,-0.043956,0.000000,0.000000,0.000000,0.000000,0.3000
3.440466,0.000000,0.052998,0.060571,0.000000,-0.025641,-0.000191,-0.053724,0.000000,0.000000,0.000000,0.000000,0.3000
3.450152,0.000000,0.051899,0.057969,0.000000,-0.001709,-0.000191,-0.014652,0.000000,0.000000,0.000000,0.000000,0.3000
3.460201,0.000000,0.051899,0.056148,0.000000,-0.005128,-0.000191,0.073260,0.000000,0.000000,0.000000,0.000000,0.3000
3.470218,0.000000,0.073686,0.061410,0.000000,0.008547,-0.000191,0.034188,0.000000,0.000000,0.000000,0.000000,0.3000
3.480258,0.000000,0.056705,0.059998,0.000000,0.015385,-0.000191,-0.063492,0.000000,0.000000,0.000000,0.000000,0.3000
3.490300,0.000000,0.056705,0.059010,0.000000,-0.015385,-0.000191,-0.043956,0.000000,0.000000,0.000000,0.000000,0.3000
3.500522,0.000000,0.051005,0.056609,0.000000,0.005128,-0.000191,-0.092796,0.000000,0.000000,0.000000,0.000000,0.3000
3.510321,0.000000,0.051005,0.054927,0.000000,0.005128,-0.000191,-0.004884,0.000000,0.000000,0.000000,0.000000,0.3000
3.520000,0.000000,0.040863,0.050708,0.000000,0.008547,-0.000191,0.024420,0.000000,0.000000,0.000000,0.000000,0.3000
3.530000,0.000000,0.065180,0.055050,0.000000,0.015385,-0.000191,0.083028,0.000000,0.000000,0.000000,0.000000,0.3000
3.540004,0.000000,0.065180,0.058089,0.000000,-0.005128,-0.000191,-0.004884,0.000000,0.000000,0.000000,0.000000,0.3000
3.550056,0.000000,0.073080,0.062586,0.000000,-0.008547,-0.000191,0.004884,0.000000,0.000000,0.000000,0.000000,0.3000
3.560921,0.000000,0.056839,0.060862,0.000000,-0.011966,-0.000191,-0.034188,0.000000,0.000000,0.000000,0.000000,0.3000
3.570095,0.000000,0.056839,0.059655,0.000000,-0.001709,-0.000191,-0.004884,0.000000,0.000000,0.000000,0.000000,0.3000
3.580989,0.000000,0.046525,0.055716,0.000000,0.005128,-0.000191,-0.034188,0.000000,0.000000,0.000000,0.000000,0.3000
3.590328,0.000000,0.057189,0.056158,0.000000,0.001709,-0.000191,0.083028,0.000000,0.000000,0.000000,0.000000,0.3000
3.600000,0.000000,0.057189,0.056467,0.000000,0.001709,-0.000191,-0.034188,0.000000,0.000000,0.000000,0.000000,0.3000
3.610000,0.000000,0.083433,0.064557,0.000000,0.001709,-0.000191,0.014652,0.000000,0.000000,0.000000,0.000000,0.3000
3.620420,0.000000,0.067048,0.065304,0.000000,-0.032479,-0.000191,0.043956,0.000000,0.000000,0.000000,0.000000,0.3000
3.630010,0.000000,0.067048,0.065827,0.000000,0.011966,-0.000191,-0.004884,0.000000,0.000000,0.000000,0.000000,0.3000
3.640294,0.000000,0.055848,0.062834,0.000000,-0.001709,-0.000191,-0.014652,0.000000,0.000000,0.000000,0.000000,0.3000
3.651236,0.000000,0.045519,0.057639,0.000000,0.001709,-0.000191,0.004884,0.000000,0.000000,0.000000,0.000000,0.3000
3.660328,0.000000,0.045519,0.054003,0.000000,-0.005128,-0.000191,0.024420,0.000000,0.000000,0.000000,0.000000,0.3000
3.670000,0.000000,0.062249,0.056477,0.000000,-0.001709,-0.000191,-0.053724,0.000000,0.000000,0.000000,0.000000,0.3000
3.680516,0.000000,0.062249,0.058209,0.000000,-0.008547,-0.000191,-0.034188,0.000000,0.000000,0.000000,0.000000,0.3000
3.690000,0.000000,0.079413,0.064570,0.000000,-0.005128,-0.000191,0.004884,0.000000,0.000000,0.000000,0.000000,0.3000
3.700250,0.000000,0.059204,0.062960,0.000000,-0.011966,-0.000191,-0.004884,0.000000,0.000000,0.000000,0.000000,0.3000
3.710656,0.000000,0.059204,0.061833,0.000000,-0.005128,-0.000191,0.014652,0.000000,0.000000,0.000000,0.000000,0.3000
3.720624,0.000000,0.051677,0.058787,0.000000,-0.015385,-0.000191,-0.092796,0.000000,0.000000,0.000000,0.000000,0.3000
3.730257,0.000000,0.050080,0.056175,0.000000,-0.025641,-0.000191,-0.004884,0.000000,0.000000,0.000000,0.000000,0.3000
3.740317,0.000000,0.050080,0.054346,0.000000,-0.015385,-0.000191,-0.092796,0.000000,0.000000,0.000000,0.000000,0.3000
3.751720,0.000000,0.071877,0.059606,0.000000,-0.015385,-0.000191,-0.112332,0.000000,0.000000,0.000000,0.000000,0.3000
3.760332,0.000000,0.081137,0.066065,0.000000,-0.005128,-0.000191,-0.141636,0.000000,0.000000,0.000000,0.000000,0.3000
3.770674,0.000000,0.081137,0.070587,0.000000,0.018803,-0.000191,0.014652,0.000000,0.000000,0.000000,0.000000,0.3000
3.780000,0.000000,0.061968,0.068001,0.000000,-0.001709,-0.000191,0.063492,0.000000,0.000000,0.000000,0.000000,0.3000
3.790080,0.000000,0.061968,0.066191,0.000000,0.001709,-0.000191,-0.112332,0.000000,0.000000,0.000000,0.000000,0.3000
3.800000,0.000000,0.059110,0.064067,0.000000,-0.015385,-0.000191,0.043956,0.000000,0.000000,0.000000,0.000000,0.3000
3.810000,0.000000,0.064032,0.064056,0.000000,-0.001709,-0.000191,-0.034188,0.000000,0.000000,0.000000,0.000000,0.3000
3.820764,0.000000,0.064032,0.064049,0.000000,0.005128,-0.000191,-0.073260,0.000000,0.000000,0.000000,0.000000,0.3000
3.830046,0.000000,0.081419,0.069260,0.000000,-0.025641,-0.000191,0.073260,0.000000,0.000000,0.000000,0.000000,0.3000
3.840552,0.000000,0.068124,0.068919,0.000000,-0.005128,-0.000191,0.122100,0.000000,0.000000,0.000000,0.000000,0.3000
3.850104,0.000000,0.068124,0.068680,0.000000,0.008547,-0.000191,-0.112332,0.000000,0.000000,0.000000,0.000000,0.3000
3.860113,0.000000,0.055710,0.064789,0.000000,-0.008547,-0.000191,0.034188,0.000000,0.000000,0.000000,0.000000,0.3000
3.870143,0.000000,0.051547,0.060817,0.000000,0.005128,-0.000191,0.043956,0.000000,0.000000,0.000000,0.000000,0.3000
3.880135,0.000000,0.051547,0.058036,0.000000,-0.015385,-0.000191,-0.063492,0.000000,0.000000,0.000000,0.000000,0.3000
3.890942,0.000000,0.076177,0.063478,0.000000,0.011966,-0.000191,0.004884,0.000000,0.000000,0.000000,0.000000,0.3000
3.901495,0.000000,0.077206,0.067596,0.000000,-0.005128,-0.000191,0.063492,0.000000,0.000000,0.000000,0.000000,0.3000
3.910347,0.000000,0.077206,0.070479,0.000000,-0.015385,-0.000191,-0.112332,0.000000,0.000000,0.000000,0.000000,0.3000
3.920000,0.000000,0.056243,0.066208,0.000000,-0.001709,-0.000191,0.014652,0.000000,0.000000,0.000000,0.000000,0.3000
3.930269,0.000000,0.056243,0.063219,0.000000,-0.008547,-0.000191,0.053724,0.000000,0.000000,0.000000,0.000000,0.3000
3.940000,0.000000,0.047101,0.058383,0.000000,0.008547,-0.000191,-0.014652,0.000000,0.000000,0.000000,0.000000,0.3000
3.950000,0.000000,0.053797,0.057007,0.000000,-0.018803,-0.000191,-0.151404,0.000000,0.000000,0.000000,0.000000,0.3000
3.960432,0.000000,0.053797,0.056044,0.000000,-0.008547,-0.000191,-0.112332,0.000000,0.000000,0.000000,0.000000,0.3000
3.971221,0.000000,0.078668,0.062831,0.000000,-0.005128,-0.000191,-0.024420,0.000000,0.000000,0.000000,0.000000,0.3000
3.980245,0.000000,0.064361,0.063290,0.000000,-0.005128,-0.000191,-0.073260,0.000000,0.000000,0.000000,0.000000,0.3000
3.991561,0.000000,0.064361,0.063611,0.000000,-0.005128,-0.000191,-0.014652,0.000000,0.000000,0.000000,0.000000,0.3000
4.000320,0.000000,0.065160,0.064076,0.000000,-0.001709,-0.000191,0.034188,0.000000,0.000000,0.000000,0.000000,0.3000
4.010116,0.000000,0.044881,0.058318,0.000000,0.015385,-0.000191,0.004884,0.000000,0.000000,0.000000,0.000000,0.3000
4.020264,0.000000,0.044881,0.054287,0.000000,0.005128,-0.000191,-0.004884,0.000000,0.000000,0.000000,0.000000,0.3000
4.031522,0.000000,0.055897,0.054770,0.000000,-0.025641,-0.000191,-0.092796,0.000000,0.000000,0.000000,0.000000,0.3000
4.041289,0.000000,0.055897,0.055108,0.000000,0.001709,-0.000191,-0.053724,0.000000,0.000000,0.000000,0.000000,0.3000
4.050258,0.000000,0.069669,0.059476,0.000000,-0.022222,-0.000191,-0.043956,0.000000,0.000000,0.000000,0.000000,0.3000
4.060287,0.000000,0.074790,0.064070,0.000000,-0.015385,-0.000191,0.112332,0.000000,0.000000,0.000000,0.000000,0.3000
4.070000,0.000000,0.074790,0.067286,0.000000,-0.005128,-0.000191,-0.073260,0.000000,0.000000,0.000000,0.000000,0.3000
4.080000,0.000000,0.064169,0.066351,0.000000,0.011966,-0.000191,-0.161172,0.000000,0.000000,0.000000,0.000000,0.3000
4.091101,0.000000,0.061154,0.064792,0.000000,-0.022222,-0.000191,0.053724,0.000000,0.000000,0.000000,0.000000,0.3000
4.100020,0.000000,0.061154,0.063700,0.000000,-0.001709,-0.000191,0.073260,0.000000,0.000000,0.000000,0.000000,0.3000
4.110022,0.000000,0.079531,0.068450,0.000000,-0.008547,-0.000191,0.004884,0.000000,0.000000,0.000000,0.000000,0.3000
4.121648,0.000000,0.068033,0.068325,0.000000,-0.039316,-0.000191,-0.043956,0.000000,0.000000,0.000000,0.000000,0.3000
4.130047,0.000000,0.068033,0.068237,0.000000,-0.008547,-0.000191,-0.141636,0.000000,0.000000,0.000000,0.000000,0.3000
4.140075,0.000000,0.058907,0.065438,0.000000,-0.018803,-0.000191,-0.004884,0.000000,0.000000,0.000000,0.000000,0.3000
4.150217,0.000000,0.058907,0.063479,0.000000,0.008547,-0.000191,0.024420,0.000000,0.000000,0.000000,0.000000,0.3000
4.160255,0.000000,0.070349,0.065540,0.000000,0.008547,-0.000191,0.102564,0.000000,0.000000,0.000000,0.000000,0.3000
4.170238,0.000000,0.070309,0.066971,0.000000,0.015385,-0.000191,-0.083028,0.000000,0.000000,0.000000,0.000000,0.3000
4.180587,0.000000,0.070309,0.067972,0.000000,0.011966,-0.000191,0.102564,0.000000,0.000000,0.000000,0.000000,0.3000
4.192129,0.000000,0.090401,0.074701,0.000000,-0.018803,-0.000191,0.053724,0.000000,0.000000,0.000000,0.000000,0.3000
4.200889,0.000000,0.055326,0.068888,0.000000,0.015385,-0.000191,-0.004884,0.000000,0.000000,0.000000,0.000000,0.3000
4.210350,0.000000,0.055326,0.064820,0.000000,0.015385,-0.000191,-0.014652,0.000000,0.000000,0.000000,0.000000,0.3000
4.220000,0.000000,0.046655,0.059370,0.000000,-0.042735,-0.000191,0.004884,0.000000,0.000000,0.000000,0.000000,0.3000
4.230900,0.000000,0.043262,0.054538,0.000000,-0.025641,-0.000191,-0.053724,0.000000,0.000000,0.000000,0.000000,0.3000
4.243163,0.000000,0.043262,0.051155,0.000000,-0.032479,-0.000191,-0.024420,0.000000,0.000000,0.000000,0.000000,0.3000
4.251327,0.000000,0.072202,0.057469,0.000000,-0.015385,-0.000191,-0.004884,0.000000,0.000000,0.000000,0.000000,0.3000
4.260365,0.000000,0.071549,0.061693,0.000000,-0.001709,-0.000191,-0.014652,0.000000,0.000000,0.000000,0.000000,0.3000
4.270000,0.000000,0.071549,0.064650,0.000000,0.005128,-0.000191,-0.102564,0.000000,0.000000,0.000000,0.000000,0.3000
4.280000,0.000000,0.056495,0.062204,0.000000,0.008547,-0.000191,0.024420,0.000000,0.000000,0.000000,0.000000,0.3000
4.290000,0.000000,0.056495,0.060491,0.000000,-0.018803,-0.000191,0.063492,0.000000,0.000000,0.000000,0.000000,0.3000
4.301171,0.000000,0.040299,0.054433,0.000000,-0.011966,-0.000191,-0.024420,0.000000,0.000000,0.000000,0.000000,0.3000
4.311151,0.000000,0.042171,0.050755,0.000000,0.008547,-0.000191,-0.004884,0.000000,0.000000,0.000000,0.000000,0.3000
4.320034,0.000000,0.042171,0.048179,0.000000,-0.015385,-0.000191,-0.073260,0.000000,0.000000,0.000000,0.000000,0.3000
4.330972,0.000000,0.073914,0.055900,0.000000,-0.005128,-0.000191,-0.034188,0.000000,0.000000,0.000000,0.000000,0.3000
4.340000,0.000000,0.055303,0.055721,0.000000,0.015385,-0.000191,0.024420,0.000000,0.000000,0.000000,0.000000,0.3000
4.350000,0.000000,0.055303,0.055596,0.000000,0.001709,-0.000191,0.122100,0.000000,0.000000,0.000000,0.000000,0.3000
4.360545,0.000000,0.051291,0.054304,0.000000,0.001709,-0.000191,-0.034188,0.000000,0.000000,0.000000,0.000000,0.3000
4.370018,0.000000,0.051291,0.053400,0.000000,0.011966,-0.000191,-0.083028,0.000000,0.000000,0.000000,0.000000,0.3000
4.380481,0.000000,0.044276,0.050663,0.000000,-0.011966,-0.000191,0.043956,0.000000,0.000000,0.000000,0.000000,0.3000
4.390702,0.000000,0.067993,0.055862,0.000000,0.005128,-0.000191,-0.102564,0.000000,0.000000,0.000000,0.000000,0.3000
4.401141,0.000000,0.062260,0.057781,0.000000,-0.015385,-0.000191,-0.034188,0.000000,0.000000,0.000000,0.000000,0.3000
4.410194,0.000000,0.062260,0.059125,0.000000,-0.025641,-0.000191,-0.053724,0.000000,0.000000,0.000000,0.000000,0.3000
4.420239,0.000000,0.049234,0.056158,0.000000,0.001709,-0.000191,0.004884,0.000000,0.000000,0.000000,0.000000,0.3000
4.430549,0.000000,0.049234,0.054080,0.000000,0.008547,-0.000191,0.014652,0.000000,0.000000,0.000000,0.000000,0.3000
4.440363,0.000000,0.072804,0.059698,0.000000,0.008547,-0.000191,-0.092796,0.000000,0.000000,0.000000,0.000000,0.3000
4.450101,0.000000,0.070762,0.063017,0.000000,0.001709,-0.000191,-0.043956,0.000000,0.000000,0.000000,0.000000,0.3000
4.461066,0.000000,0.070762,0.065341,0.000000,0.011966,-0.000191,-0.122100,0.000000,0.000000,0.000000,0.000000,0.3000
4.470485,0.000000,0.088151,0.072184,0.000000,-0.001709,-0.000191,0.034188,0.000000,0.000000,0.000000,0.000000,0.3000
4.480000,0.000000,0.073423,0.072555,0.000000,0.005128,-0.000191,0.034188,0.000000,0.000000,0.000000,0.000000,0.3000
4.490000,0.000000,0.073423,0.072816,0.000000,-0.011966,-0.000191,0.043956,0.000000,0.000000,0.000000,0.000000,0.3000
4.500676,0.000000,0.063392,0.069989,0.000000,-0.011966,-0.000191,-0.053724,0.000000,0.000000,0.000000,0.000000,0.3000
4.511301,0.000000,0.063392,0.068010,0.000000,0.005128,-0.000191,-0.141636,0.000000,0.000000,0.000000,0.000000,0.3000
4.520246,0.000000,0.053655,0.063703,0.000000,-0.015385,-0.000191,-0.024420,0.000000,0.000000,0.000000,0.000000,0.3000
4.532281,0.000000,0.074279,0.066876,0.000000,-0.011966,-0.000191,-0.014652,0.000000,0.000000,0.000000,0.000000,0.3000
4.540697,0.000000,0.074279,0.069097,0.000000,-0.018803,-0.000191,-0.073260,0.000000,0.000000,0.000000,0.000000,0.3000
4.550007,0.000000,0.078502,0.071919,0.000000,0.018803,-0.000191,-0.112332,0.000000,0.000000,0.000000,0.000000,0.3000
4.560000,0.000000,0.059955,0.068329,0.000000,-0.001709,-0.000191,-0.014652,0.000000,0.000000,0.000000,0.000000,0.3000
4.570166,0.000000,0.059955,0.065817,0.000000,0.001709,-0.000191,0.034188,0.000000,0.000000,0.000000,0.000000,0.3000
4.580339,0.000000,0.057060,0.063190,0.000000,-0.025641,-0.000191,0.053724,0.000000,0.000000,0.000000,0.000000,0.3000
4.591798,0.000000,0.059311,0.062026,0.000000,0.001709,-0.000191,-0.034188,0.000000,0.000000,0.000000,0.000000,0.3000
4.601073,0.000000,0.059311,0.061212,0.000000,-0.005128,-0.000191,-0.014652,0.000000,0.000000,0.000000,0.000000,0.3000
4.610130,0.000000,0.092093,0.070476,0.000000,-0.022222,-0.000191,-0.112332,0.000000,0.000000,0.000000,0.000000,0.3000
4.620044,0.000000,0.092093,0.076961,0.000000,0.001709,-0.000191,-0.043956,0.000000,0.000000,0.000000,0.000000,0.3000
4.630000,0.000000,0.077160,0.077021,0.000000,-0.008547,-0.000191,-0.083028,0.000000,0.000000,0.000000,0.000000,0.3000
4.640359,0.000000,0.068304,0.074406,0.000000,0.005128,-0.000191,0.063492,0.000000,0.000000,0.000000,0.000000,0.3000
4.650036,0.000000,0.068304,0.072575,0.000000,-0.018803,-0.000191,-0.063492,0.000000,0.000000,0.000000,0.000000,0.3000
4.661265,0.000000,0.048305,0.065294,0.000000,0.005128,-0.000191,0.073260,0.000000,0.000000,0.000000,0.000000,0.3000
4.671482,0.000000,0.058893,0.063374,0.000000,-0.005128,-0.000191,-0.053724,0.000000,0.000000,0.000000,0.000000,0.3000
4.680176,0.000000,0.058893,0.062030,0.000000,-0.022222,-0.000191,-0.073260,0.000000,0.000000,0.000000,0.000000,0.3000
4.690038,0.000000,0.079592,0.067298,0.000000,-0.005128,-0.000191,-0.131868,0.000000,0.000000,0.000000,0.000000,0.3000
4.700054,0.000000,0.050460,0.062247,0.000000,0.008547,-0.000191,0.053724,0.000000,0.000000,0.000000,0.000000,0.3000
4.710098,0.000000,0.050460,0.058711,0.000000,-0.011966,-0.000191,0.004884,0.000000,0.000000,0.000000,0.000000,0.3000
4.720099,0.000000,0.049459,0.055935,0.000000,0.001709,-0.000191,-0.043956,0.000000,0.000000,0.000000,0.000000,0.3000
4.731552,0.000000,0.036814,0.050199,0.000000,-0.015385,-0.000191,-0.034188,0.000000,0.000000,0.000000,0.000000,0.3000
4.740818,0.000000,0.036814,0.046183,0.000000,-0.005128,-0.000191,-0.004884,0.000000,0.000000,0.000000,0.000000,0.3000
4.750328,0.000000,0.072764,0.054157,0.000000,-0.022222,-0.000191,-0.024420,0.000000,0.000000,0.000000,0.000000,0.3000
4.760148,0.000000,0.072764,0.059739,0.000000,0.008547,-0.000191,0.063492,0.000000,0.000000,0.000000,0.000000,0.3000
4.770197,0.000000,0.065610,0.061500,0.000000,-0.005128,-0.000191,-0.014652,0.000000,0.000000,0.000000,0.000000,0.3000
4.780560,0.000000,0.053084,0.058975,0.000000,-0.001709,-0.000191,-0.043956,0.000000,0.000000,0.000000,0.000000,0.3000
4.790287,0.000000,0.053084,0.057208,0.000000,0.005128,-0.000191,-0.063492,0.000000,0.000000,0.000000,0.000000,0.3000
4.800581,0.000000,0.055376,0.056658,0.000000,-0.011966,-0.000191,-0.053724,0.000000,0.000000,0.000000,0.000000,0.3000
4.810394,0.000000,0.056366,0.056571,0.000000,-0.005128,-0.000191,-0.034188,0.000000,0.000000,0.000000,0.000000,0.3000
4.820330,0.000000,0.056366,0.056509,0.000000,-0.008547,-0.000191,0.092796,0.000000,0.000000,0.000000,0.000000,0.3000
4.830000,0.000000,0.085941,0.065339,0.000000,0.015385,-0.000191,-0.053724,0.000000,0.000000,0.000000,0.000000,0.3000
4.840000,0.000000,0.059403,0.063558,0.000000,0.005128,-0.000191,0.024420,0.000000,0.000000,0.000000,0.000000,0.3000
4.850536,0.000000,0.059403,0.062311,0.000000,0.011966,-0.000191,-0.014652,0.000000,0.000000,0.000000,0.000000,0.3000
4.861379,0.000000,0.060178,0.061671,0.000000,-0.029060,-0.000191,-0.024420,0.000000,0.000000,0.000000,0.000000,0.3000
4.870504,0.000000,0.060178,0.061223,0.000000,-0.005128,-0.000191,0.073260,0.000000,0.000000,0.000000,0.000000,0.3000
4.880696,0.000000,0.035364,0.053465,0.000000,0.008547,-0.000191,-0.043956,0.000000,0.000000,0.000000,0.000000,0.3000
4.890170,0.000000,0.075038,0.059937,0.000000,-0.015385,-0.000191,0.004884,0.000000,0.000000,0.000000,0.000000,0.3000
4.900241,0.000000,0.075038,0.064467,0.000000,0.008547,-0.000191,-0.112332,0.000000,0.000000,0.000000,0.000000,0.3000
4.910234,0.000000,0.077754,0.068453,0.000000,-0.001709,-0.000191,-0.034188,0.000000,0.000000,0.000000,0.000000,0.3000
4.920777,0.000000,0.058289,0.065404,0.000000,-0.001709,-0.000191,0.073260,0.000000,0.000000,0.000000,0.000000,0.3000
4.931186,0.000000,0.058289,0.063270,0.000000,-0.001709,-0.000191,-0.112332,0.000000,0.000000,0.000000,0.000000,0.3000
4.940319,0.000000,0.047441,0.058521,0.000000,-0.042735,-0.000191,-0.014652,0.000000,0.000000,0.000000,0.000000,0.3000
4.951284,0.000000,0.042761,0.053793,0.000000,-0.008547,-0.000191,-0.073260,0.000000,0.000000,0.000000,0.000000,0.3000
4.960199,0.000000,0.042761,0.050483,0.000000,0.008547,-0.000191,-0.014652,0.000000,0.000000,0.000000,0.000000,0.3000
4.970217,0.000000,0.070858,0.056596,0.000000,0.008547,-0.000191,0.053724,0.000000,0.000000,0.000000,0.000000,0.3000
4.983678,0.000000,0.096901,0.068687,0.000000,-0.025641,-0.000191,-0.014652,0.000000,0.000000,0.000000,0.000000,0.3000
4.990689,0.000000,0.096901,0.077152,0.000000,-0.018803,-0.000191,-0.024420,0.000000,0.000000,0.000000,0.000000,0.3000
5.001121,0.000000,0.072363,0.075715,0.000000,0.005128,-0.000191,0.092796,0.000000,0.000000,0.000000,0.000000,0.3000
5.010953,0.000000,0.072363,0.074710,0.000000,-0.022222,-0.000191,0.053724,0.000000,0.000000,0.000000,0.000000,0.3000
5.020000,0.000000,0.071860,0.073855,0.000000,-0.039316,-0.000191,0.034188,0.000000,0.000000,0.000000,0.000000,0.3000
5.030000,0.000000,0.090595,0.078877,0.000000,-0.011966,-0.000191,-0.034188,0.000000,0.000000,0.000000,0.000000,0.3000
5.040000,0.000000,0.090595,0.082392,0.000000,-0.008547,-0.000191,-0.004884,0.000000,0.000000,0.000000,0.000000,0.3000
5.050716,0.000000,0.084501,0.083025,0.000000,0.022222,-0.000191,0.053724,0.000000,0.000000,0.000000,0.000000,0.3000
5.060122,0.000000,0.074198,0.080377,0.000000,-0.005128,-0.000191,-0.083028,0.000000,0.000000,0.000000,0.000000,0.3000
5.070173,0.000000,0.074198,0.078523,0.000000,-0.015385,-0.000191,-0.063492,0.000000,0.000000,0.000000,0.000000,0.3000
5.080424,0.000000,0.059319,0.072762,0.000000,-0.018803,-0.000191,-0.014652,0.000000,0.000000,0.000000,0.000000,0.3000
5.090467,0.000000,0.058158,0.068381,0.000000,0.018803,-0.000191,-0.141636,0.000000,0.000000,0.000000,0.000000,0.3000
5.100144,0.000000,0.058158,0.065314,0.000000,-0.005128,-0.000191,-0.063492,0.000000,0.000000,0.000000,0.000000,0.3000
5.110175,0.000000,0.082962,0.070608,0.000000,0.008547,-0.000191,0.043956,0.000000,0.000000,0.000000,0.000000,0.3000
5.120415,0.000000,0.082962,0.074314,0.000000,-0.005128,-0.000191,-0.014652,0.000000,0.000000,0.000000,0.000000,0.3000
5.130255,0.000000,0.061651,0.070515,0.000000,0.011966,-0.000191,-0.083028,0.000000,0.000000,0.000000,0.000000,0.3000
5.141510,0.000000,0.039626,0.061249,0.000000,-0.011966,-0.000191,-0.004884,0.000000,0.000000,0.000000,0.000000,0.3000
5.150792,0.000000,0.039626,0.054762,0.000000,0.018803,-0.000191,0.004884,0.000000,0.000000,0.000000,0.000000,0.3000
5.160000,0.000000,0.033997,0.048532,0.000000,0.005128,-0.000191,-0.063492,0.000000,0.000000,0.000000,0.000000,0.3000
5.170000,0.000000,0.049771,0.048904,0.000000,-0.005128,-0.000191,-0.073260,0.000000,0.000000,0.000000,0.000000,0.3000
5.180000,0.000000,0.049771,0.049164,0.000000,-0.032479,-0.000191,0.004884,0.000000,0.000000,0.000000,0.000000,0.3000
5.191026,0.000000,0.057759,0.051742,0.000000,0.005128,-0.000191,-0.014652,0.000000,0.000000,0.000000,0.000000,0.3000
5.201032,0.000000,0.042509,0.048972,0.000000,-0.015385,-0.000191,-0.063492,0.000000,0.000000,0.000000,0.000000,0.3000
5.210236,0.000000,0.042509,0.047034,0.000000,-0.029060,-0.000191,-0.024420,0.000000,0.000000,0.000000,0.000000,0.3000
5.220104,0.000000,0.044826,0.046371,0.000000,0.005128,-0.000191,0.024420,0.000000,0.000000,0.000000,0.000000,0.3000
5.230095,0.000000,0.044826,0.045908,0.000000,0.011966,-0.000191,-0.024420,0.000000,0.000000,0.000000,0.000000,0.3000
5.240062,0.000000,0.037440,0.043367,0.000000,0.011966,-0.000191,0.014652,0.000000,0.000000,0.000000,0.000000,0.3000
5.251294,0.000000,0.074854,0.052814,0.000000,-0.005128,-0.000191,0.063492,0.000000,0.000000,0.000000,0.000000,0.3000
5.260251,0.000000,0.074854,0.059426,0.000000,-0.011966,-0.000191,0.014652,0.000000,0.000000,0.000000,0.000000,0.3000
5.270127,0.000000,0.066133,0.061438,0.000000,0.018803,-0.000191,-0.034188,0.000000,0.000000,0.000000,0.000000,0.3000
5.280164,0.000000,0.054414,0.059331,0.000000,-0.015385,-0.000191,0.024420,0.000000,0.000000,0.000000,0.000000,0.3000
5.290558,0.000000,0.054414,0.057856,0.000000,-0.001709,-0.000191,-0.004884,0.000000,0.000000,0.000000,0.000000,0.3000
5.300257,0.000000,0.068729,0.061118,0.000000,-0.011966,-0.000191,-0.063492,0.000000,0.000000,0.000000,0.000000,0.3000
5.310331,0.000000,0.044680,0.056187,0.000000,-0.025641,-0.000191,-0.034188,0.000000,0.000000,0.000000,0.000000,0.3000
5.320915,0.000000,0.044680,0.052735,0.000000,-0.015385,-0.000191,0.024420,0.000000,0.000000,0.000000,0.000000,0.3000
5.330171,0.000000,0.063829,0.056063,0.000000,-0.022222,-0.000191,0.092796,0.000000,0.000000,0.000000,0.000000,0.3000
5.340605,0.000000,0.063829,0.058393,0.000000,-0.005128,-0.000191,-0.004884,0.000000,0.000000,0.000000,0.000000,0.3000
5.352102,0.000000,0.041452,0.053311,0.000000,0.005128,-0.000191,-0.004884,0.000000,0.000000,0.000000,0.000000,0.3000
5.360013,0.000000,0.043403,0.050338,0.000000,0.001709,-0.000191,0.024420,0.000000,0.000000,0.000000,0.000000,0.3000
5.370000,0.000000,0.043403,0.048258,0.000000,-0.001709,-0.000191,0.083028,0.000000,0.000000,0.000000,0.000000,0.3000
5.380000,0.000000,0.038347,0.045285,0.000000,-0.005128,-0.000191,-0.014652,0.000000,0.000000,0.000000,0.000000,0.3000
5.390000,0.000000,0.056531,0.048659,0.000000,0.008547,-0.000191,-0.043956,0.000000,0.000000,0.000000,0.000000,0.3000
5.400192,0.000000,0.056531,0.051020,0.000000,-0.008547,-0.000191,0.092796,0.000000,0.000000,0.000000,0.000000,0.3000
5.411646,0.000000,0.061376,0.054127,0.000000,0.011966,-0.000191,-0.034188,0.000000,0.000000,0.000000,0.000000,0.3000
5.421051,0.000000,0.049314,0.052683,0.000000,0.001709,-0.000191,-0.141636,0.000000,0.000000,0.000000,0.000000,0.3000
5.430000,0.000000,0.049314,0.051672,0.000000,-0.008547,-0.000191,0.043956,0.000000,0.000000,0.000000,0.000000,0.3000
5.440000,0.000000,0.039086,0.047896,0.000000,-0.022222,-0.000191,0.053724,0.000000,0.000000,0.000000,0.000000,0.3000
5.450000,0.000000,0.050621,0.048714,0.000000,0.001709,-0.000191,0.004884,0.000000,0.000000,0.000000,0.000000,0.3000
5.461143,0.000000,0.050621,0.049286,0.000000,-0.005128,-0.000191,-0.034188,0.000000,0.000000,0.000000,0.000000,0.3000
5.471408,0.000000,0.073668,0.056601,0.000000,-0.008547,-0.000191,0.004884,0.000000,0.000000,0.000000,0.000000,0.3000
5.480420,0.000000,0.073668,0.061721,0.000000,-0.005128,-0.000191,-0.063492,0.000000,0.000000,0.000000,0.000000,0.3000
5.490102,0.000000,0.062036,0.061815,0.000000,-0.022222,0.000191,0.200244,0.000000,0.000000,0.000000,0.000000,0.3000
5.500088,0.000000,0.044825,0.056718,0.000000,-0.018803,-0.000191,0.034188,0.000000,0.000000,0.000000,0.000000,0.3000
5.510096,0.000000,0.044825,0.053150,0.000000,-0.008547,-0.000191,-0.014652,0.000000,0.000000,0.000000,0.000000,0.3000
5.522681,0.000000,0.043931,0.050384,0.000000,-0.005128,-0.000191,0.122100,0.000000,0.000000,0.000000,0.000000,0.3000
5.530605,0.000000,0.057462,0.052508,0.000000,0.001709,-0.000191,0.024420,0.000000,0.000000,0.000000,0.000000,0.3000
5.540407,0.000000,0.057462,0.053994,0.000000,-0.008547,-0.000191,-0.024420,0.000000,0.000000,0.000000,0.000000,0.3000
5.550342,0.000000,0.067846,0.058150,0.000000,0.011966,-0.000191,-0.063492,0.000000,0.000000,0.000000,0.000000,0.3000
5.560865,0.000000,0.051892,0.056272,0.000000,-0.005128,-0.000191,0.014652,0.000000,0.000000,0.000000,0.000000,0.3000
5.570157,0.000000,0.051892,0.054958,0.000000,-0.011966,-0.000191,0.073260,0.000000,0.000000,0.000000,0.000000,0.3000
5.580193,0.000000,0.039803,0.050412,0.000000,-0.005128,-0.000191,0.024420,0.000000,0.000000,0.000000,0.000000,0.3000
5.590773,0.000000,0.033771,0.045420,0.000000,-0.005128,-0.000191,0.083028,0.000000,0.000000,0.000000,0.000000,0.3000
5.600389,0.000000,0.033771,0.041925,0.000000,-0.005128,-0.000191,-0.053724,0.000000,0.000000,0.000000,0.000000,0.3000
5.611231,0.000000,0.058374,0.046860,0.000000,0.008547,-0.000191,-0.083028,0.000000,0.000000,0.000000,0.000000,0.3000
5.621085,0.000000,0.047902,0.047173,0.000000,-0.032479,-0.000191,0.024420,0.000000,0.000000,0.000000,0.000000,0.3000
5.630007,0.000000,0.047902,0.047391,0.000000,0.001709,-0.000191,-0.034188,0.000000,0.000000,0.000000,0.000000,0.3000
5.640000,0.000000,0.035427,0.043802,0.000000,-0.015385,-0.000191,-0.102564,0.000000,0.000000,0.000000,0.000000,0.3000
5.650603,0.000000,0.047921,0.045038,0.000000,-0.008547,-0.000191,-0.014652,0.000000,0.000000,0.000000,0.000000,0.3000
5.661830,0.000000,0.047921,0.045903,0.000000,-0.008547,-0.000191,-0.063492,0.000000,0.000000,0.000000,0.000000,0.3000
5.670250,0.000000,0.068567,0.052702,0.000000,-0.015385,-0.000191,-0.034188,0.000000,0.000000,0.000000,0.000000,0.3000
5.680237,0.000000,0.068567,0.057462,0.000000,0.005128,-0.000191,0.073260,0.000000,0.000000,0.000000,0.000000,0.3000
5.691667,0.000000,0.093658,0.068321,0.000000,0.015385,-0.000191,0.014652,0.000000,0.000000,0.000000,0.000000,0.3000
5.700257,0.000000,0.074464,0.070164,0.000000,0.011966,-0.000191,0.034188,0.000000,0.000000,0.000000,0.000000,0.3000
5.710112,0.000000,0.074464,0.071454,0.000000,-0.011966,-0.000191,-0.083028,0.000000,0.000000,0.000000,0.000000,0.3000
5.720127,0.000000,0.065254,0.069594,0.000000,0.005128,-0.000191,0.034188,0.000000,0.000000,0.000000,0.000000,0.3000
5.731587,0.000000,0.032846,0.058570,0.000000,-0.018803,-0.000191,-0.112332,0.000000,0.000000,0.000000,0.000000,0.3000
5.740358,0.000000,0.032846,0.050853,0.000000,0.001709,-0.000191,0.004884,0.000000,0.000000,0.000000,0.000000,0.3000
5.750580,0.000000,0.065495,0.055245,0.000000,0.005128,-0.000191,-0.053724,0.000000,0.000000,0.000000,0.000000,0.3000
5.760570,0.000000,0.066133,0.058512,0.000000,-0.005128,-0.000191,0.063492,0.000000,0.000000,0.000000,0.000000,0.3000
5.770213,0.000000,0.066133,0.060798,0.000000,-0.022222,-0.000191,-0.102564,0.000000,0.000000,0.000000,0.000000,0.3000
5.780284,0.000000,0.044294,0.055847,0.000000,-0.008547,-0.000191,-0.004884,0.000000,0.000000,0.000000,0.000000,0.3000
5.790274,0.000000,0.041727,0.051611,0.000000,-0.015385,-0.000191,0.014652,0.000000,0.000000,0.000000,0.000000,0.3000
5.800819,0.000000,0.041727,0.048646,0.000000,0.008547,-0.000191,0.004884,0.000000,0.000000,0.000000,0.000000,0.3000
5.810279,0.000000,0.052667,0.049852,0.000000,0.011966,-0.000191,0.014652,0.000000,0.000000,0.000000,0.000000,0.3000
5.821621,0.000000,0.066693,0.054904,0.000000,-0.011966,-0.000191,0.014652,0.000000,0.000000,0.000000,0.000000,0.3000
5.830315,0.000000,0.066693,0.058441,0.000000,-0.018803,-0.000191,0.083028,0.000000,0.000000,0.000000,0.000000,0.3000
5.840004,0.000000,0.052582,0.056683,0.000000,0.008547,-0.000191,0.122100,0.000000,0.000000,0.000000,0.000000,0.3000
5.850000,0.000000,0.052582,0.055453,0.000000,-0.008547,-0.000191,-0.024420,0.000000,0.000000,0.000000,0.000000,0.3000
5.860014,0.000000,0.054124,0.055054,0.000000,-0.015385,-0.000191,-0.122100,0.000000,0.000000,0.000000,0.000000,0.3000
5.870175,0.000000,0.052812,0.054382,0.000000,-0.022222,-0.000191,-0.073260,0.000000,0.000000,0.000000,0.000000,0.3000
5.880160,0.000000,0.052812,0.053911,0.000000,0.008547,-0.000191,0.034188,0.000000,0.000000,0.000000,0.000000,0.3000
5.890656,0.000000,0.073797,0.059877,0.000000,0.001709,-0.000191,0.043956,0.000000,0.000000,0.000000,0.000000,0.3000
5.900665,0.000000,0.100972,0.072205,0.000000,-0.001709,-0.000191,-0.004884,0.000000,0.000000,0.000000,0.000000,0.3000
5.910101,0.000000,0.100972,0.080835,0.000000,-0.011966,-0.000191,-0.034188,0.000000,0.000000,0.000000,0.000000,0.3000
5.920000,0.000000,0.065211,0.076148,0.000000,-0.008547,-0.000191,-0.063492,0.000000,0.000000,0.000000,0.000000,0.3000
5.930000,0.000000,0.065211,0.072867,0.000000,-0.005128,-0.000191,-0.004884,0.000000,0.000000,0.000000,0.000000,0.3000
5.941156,0.000000,0.061293,0.069395,0.000000,-0.001709,-0.000191,-0.083028,0.000000,0.000000,0.000000,0.000000,0.3000
5.950831,0.000000,0.068451,0.069112,0.000000,-0.022222,-0.000191,-0.102564,0.000000,0.000000,0.000000,0.000000,0.3000
5.960710,0.000000,0.068451,0.068913,0.000000,-0.008547,-0.000191,-0.014652,0.000000,0.000000,0.000000,0.000000,0.3000
5.970561,0.000000,0.087879,0.074603,0.000000,0.011966,-0.000191,0.004884,0.000000,0.000000,0.000000,0.000000,0.3000
5.980296,0.000000,0.074185,0.074478,0.000000,0.011966,-0.000191,0.014652,0.000000,0.000000,0.000000,0.000000,0.3000
5.990303,0.000000,0.074185,0.074390,0.000000,-0.029060,-0.000191,0.073260,0.000000,0.000000,0.000000,0.000000,0.3000
6.000000,0.000000,0.066966,0.072163,0.000000,0.005128,-0.000191,-0.034188,0.000000,0.000000,0.000000,0.000000,0.3000
6.010000,0.000000,0.053628,0.066602,0.000000,-0.022222,-0.000191,-0.004884,0.000000,0.000000,0.000000,0.000000,0.3000
6.020587,0.000000,0.053628,0.062710,0.000000,0.008547,-0.000191,-0.034188,0.000000,0.000000,0.000000,0.000000,0.3000
6.031110,0.000000,0.073283,0.065882,0.000000,0.008547,-0.000191,-0.024420,0.000000,0.000000,0.000000,0.000000,0.3000
6.040733,0.000000,0.086016,0.071922,0.000000,-0.015385,-0.000191,0.043956,0.000000,0.000000,0.000000,0.000000,0.3000
6.050643,0.000000,0.086016,0.076150,0.000000,-0.022222,-0.000191,-0.004884,0.000000,0.000000,0.000000,0.000000,0.3000
6.060076,0.000000,0.062991,0.072202,0.000000,-0.018803,-0.000191,0.004884,0.000000,0.000000,0.000000,0.000000,0.3000
6.070143,0.000000,0.062991,0.069439,0.000000,0.005128,-0.000191,-0.063492,0.000000,0.000000,0.000000,0.000000,0.3000
6.080115,0.000000,0.056134,0.065447,0.000000,-0.022222,-0.000191,0.004884,0.000000,0.000000,0.000000,0.000000,0.3000
6.090141,0.000000,0.051518,0.061269,0.000000,0.005128,-0.000191,0.004884,0.000000,0.000000,0.000000,0.000000,0.3000
6.100173,0.000000,0.051518,0.058344,0.000000,0.001709,-0.000191,0.043956,0.000000,0.000000,0.000000,0.000000,0.3000
6.110389,0.000000,0.079180,0.064594,0.000000,-0.008547,-0.000191,0.112332,0.000000,0.000000,0.000000,0.000000,0.3000
6.120559,0.000000,0.064973,0.064708,0.000000,-0.015385,-0.000191,-0.024420,0.000000,0.000000,0.000000,0.000000,0.3000
6.130251,0.000000,0.064973,0.064787,0.000000,0.011966,-0.000191,0.034188,0.000000,0.000000,0.000000,0.000000,0.3000
6.140281,0.000000,0.052663,0.061150,0.000000,0.022222,-0.000191,-0.004884,0.000000,0.000000,0.000000,0.000000,0.3000
6.150516,0.000000,0.050732,0.058025,0.000000,0.001709,-0.000191,-0.053724,0.000000,0.000000,0.000000,0.000000,0.3000
6.160778,0.000000,0.050732,0.055837,0.000000,0.005128,-0.000191,0.043956,0.000000,0.000000,0.000000,0.000000,0.3000
6.171114,0.000000,0.058541,0.056648,0.000000,-0.008547,-0.000191,-0.102564,0.000000,0.000000,0.000000,0.000000,0.3000
6.180000,0.000000,0.060019,0.057659,0.000000,0.001709,-0.000191,-0.004884,0.000000,0.000000,0.000000,0.000000,0.3000
6.190417,0.000000,0.060019,0.058367,0.000000,-0.001709,-0.000191,-0.151404,0.000000,0.000000,0.000000,0.000000,0.3000
6.200000,0.000000,0.049167,0.055607,0.000000,0.025641,-0.000191,0.102564,0.000000,0.000000,0.000000,0.000000,0.3000
6.210241,0.000000,0.044538,0.052286,0.000000,0.001709,-0.000191,-0.004884,0.000000,0.000000,0.000000,0.000000,0.3000
6.220849,0.000000,0.044538,0.049962,0.000000,-0.025641,-0.000191,-0.014652,0.000000,0.000000,0.000000,0.000000,0.3000
6.230230,0.000000,0.028590,0.043550,0.000000,-0.005128,-0.000191,-0.102564,0.000000,0.000000,0.000000,0.000000,0.3000
6.240851,0.000000,0.028590,0.039062,0.000000,-0.005128,-0.000191,-0.063492,0.000000,0.000000,0.000000,0.000000,0.3000
6.250234,0.000000,0.058384,0.044859,0.000000,-0.018803,-0.000191,-0.092796,0.000000,0.000000,0.000000,0.000000,0.3000
6.260211,0.000000,0.073009,0.053304,0.000000,-0.005128,-0.000191,-0.131868,0.000000,0.000000,0.000000,0.000000,0.3000
6.270237,0.000000,0.073009,0.059215,0.000000,-0.015385,-0.000191,-0.073260,0.000000,0.000000,0.000000,0.000000,0.3000
6.280230,0.000000,0.050751,0.056676,0.000000,-0.001709,-0.000191,0.004884,0.000000,0.000000,0.000000,0.000000,0.3000
6.290002,0.000000,0.049516,0.054528,0.000000,-0.015385,-0.000191,0.004884,0.000000,0.000000,0.000000,0.000000,0.3000
6.300736,0.000000,0.049516,0.053024,0.000000,-0.032479,-0.000191,0.073260,0.000000,0.000000,0.000000,0.000000,0.3000
6.311316,0.000000,0.055591,0.053794,0.000000,0.008547,-0.000191,0.073260,0.000000,0.000000,0.000000,0.000000,0.3000
6.320312,0.000000,0.075537,0.060317,0.000000,0.011966,-0.000191,0.004884,0.000000,0.000000,0.000000,0.000000,0.3000
6.330057,0.000000,0.075537,0.064883,0.000000,-0.001709,-0.000191,-0.043956,0.000000,0.000000,0.000000,0.000000,0.3000
6.340000,0.000000,0.069720,0.066334,0.000000,-0.025641,-0.000191,-0.034188,0.000000,0.000000,0.000000,0.000000,0.3000
6.350138,0.000000,0.069720,0.067350,0.000000,-0.015385,-0.000191,-0.024420,0.000000,0.000000,0.000000,0.000000,0.3000
6.360657,0.000000,0.047216,0.061310,0.000000,-0.022222,-0.000191,0.043956,0.000000,0.000000,0.000000,0.000000,0.3000
6.370466,0.000000,0.040725,0.055134,0.000000,-0.011966,-0.000191,-0.034188,0.000000,0.000000,0.000000,0.000000,0.3000
6.380341,0.000000,0.040725,0.050812,0.000000,-0.029060,-0.000191,0.112332,0.000000,0.000000,0.000000,0.000000,0.3000
6.390629,0.000000,0.056427,0.052496,0.000000,0.005128,-0.000191,0.083028,0.000000,0.000000,0.000000,0.000000,0.3000
6.400764,0.000000,0.067683,0.057052,0.000000,-0.005128,-0.000191,0.092796,0.000000,0.000000,0.000000,0.000000,0.3000
6.410217,0.000000,0.067683,0.060241,0.000000,0.005128,-0.000191,0.004884,0.000000,0.000000,0.000000,0.000000,0.3000
6.420794,0.000000,0.055246,0.058743,0.000000,-0.022222,-0.000191,-0.122100,0.000000,0.000000,0.000000,0.000000,0.3000
6.430794,0.000000,0.055246,0.057694,0.000000,0.008547,-0.000191,0.014652,0.000000,0.000000,0.000000,0.000000,0.3000
6.440318,0.000000,0.038692,0.051993,0.000000,-0.001709,-0.000191,0.004884,0.000000,0.000000,0.000000,0.000000,0.3000
6.450237,0.000000,0.054018,0.052601,0.000000,-0.008547,-0.000191,0.004884,0.000000,0.000000,0.000000,0.000000,0.3000
6.460171,0.000000,0.054018,0.053026,0.000000,-0.005128,-0.000191,0.024420,0.000000,0.000000,0.000000,0.000000,0.3000
6.470051,0.000000,0.075457,0.059755,0.000000,0.001709,-0.000191,-0.102564,0.000000,0.000000,0.000000,0.000000,0.3000
6.480092,0.000000,0.064187,0.061085,0.000000,0.005128,-0.000191,-0.014652,0.000000,0.000000,0.000000,0.000000,0.3000
6.490085,0.000000,0.064187,0.062015,0.000000,-0.029060,-0.000191,0.014652,0.000000,0.000000,0.000000,0.000000,0.3000
6.500147,0.000000,0.039830,0.055360,0.000000,-0.025641,-0.000191,-0.024420,0.000000,0.000000,0.000000,0.000000,0.3000
6.510246,0.000000,0.040805,0.050993,0.000000,0.005128,-0.000191,-0.024420,0.000000,0.000000,0.000000,0.000000,0.3000
6.520487,0.000000,0.040805,0.047937,0.000000,-0.005128,-0.000191,0.004884,0.000000,0.000000,0.000000,0.000000,0.3000
6.530694,0.000000,0.065418,0.053181,0.000000,0.008547,-0.000191,0.043956,0.000000,0.000000,0.000000,0.000000,0.3000
6.540297,0.000000,0.090164,0.064276,0.000000,-0.011966,-0.000191,0.004884,0.000000,0.000000,0.000000,0.000000,0.3000
6.550000,0.000000,0.090164,0.072043,0.000000,-0.022222,-0.000191,-0.014652,0.000000,0.000000,0.000000,0.000000,0.3000
6.560000,0.000000,0.050172,0.065482,0.000000,0.005128,-0.000191,0.004884,0.000000,0.000000,0.000000,0.000000,0.3000
6.570354,0.000000,0.050172,0.060889,0.000000,-0.001709,-0.000191,-0.063492,0.000000,0.000000,0.000000,0.000000,0.3000
6.583286,0.000000,0.043348,0.055626,0.000000,0.001709,-0.000191,-0.122100,0.000000,0.000000,0.000000,0.000000,0.3000
6.590958,0.000000,0.060719,0.057154,0.000000,-0.001709,-0.000191,-0.024420,0.000000,0.000000,0.000000,0.000000,0.3000
6.600535,0.000000,0.060719,0.058224,0.000000,0.015385,-0.000191,-0.073260,0.000000,0.000000,0.000000,0.000000,0.3000
6.610501,0.000000,0.081783,0.065291,0.000000,0.008547,-0.000191,0.112332,0.000000,0.000000,0.000000,0.000000,0.3000
6.620000,0.000000,0.071729,0.067223,0.000000,0.001709,-0.000191,0.024420,0.000000,0.000000,0.000000,0.000000,0.3000
6.630000,0.000000,0.071729,0.068575,0.000000,0.001709,-0.000191,-0.024420,0.000000,0.000000,0.000000,0.000000,0.3000
6.640248,0.000000,0.040844,0.060256,0.000000,0.008547,-0.000191,0.014652,0.000000,0.000000,0.000000,0.000000,0.3000
6.650165,0.000000,0.040844,0.054432,0.000000,-0.011966,-0.000191,-0.102564,0.000000,0.000000,0.000000,0.000000,0.3000
6.660277,0.000000,0.029321,0.046899,0.000000,0.022222,-0.000191,0.024420,0.000000,0.000000,0.000000,0.000000,0.3000
6.670704,0.000000,0.052807,0.048671,0.000000,0.025641,-0.000191,-0.043956,0.000000,0.000000,0.000000,0.000000,0.3000
6.680299,0.000000,0.052807,0.049912,0.000000,-0.015385,-0.000191,0.112332,0.000000,0.000000,0.000000,0.000000,0.3000
6.690258,0.000000,0.082639,0.059730,0.000000,-0.022222,-0.000191,-0.053724,0.000000,0.000000,0.000000,0.000000,0.3000
6.700845,0.000000,0.038772,0.053443,0.000000,-0.015385,-0.000191,0.004884,0.000000,0.000000,0.000000,0.000000,0.3000
6.710092,0.000000,0.038772,0.049041,0.000000,-0.011966,-0.000191,-0.043956,0.000000,0.000000,0.000000,0.000000,0.3000
6.720612,0.000000,0.044136,0.047570,0.000000,0.005128,-0.000191,0.024420,0.000000,0.000000,0.000000,0.000000,0.3000
6.730419,0.000000,0.033302,0.043289,0.000000,-0.018803,-0.000191,-0.034188,0.000000,0.000000,0.000000,0.000000,0.3000
6.740243,0.000000,0.033302,0.040293,0.000000,0.011966,-0.000191,-0.043956,0.000000,0.000000,0.000000,0.000000,0.3000
6.750255,0.000000,0.064537,0.047566,0.000000,-0.015385,-0.000191,0.014652,0.000000,0.000000,0.000000,0.000000,0.3000
6.760000,0.000000,0.067124,0.053434,0.000000,0.005128,-0.000191,0.014652,0.000000,0.000000,0.000000,0.000000,0.3000
6.772735,0.000000,0.067124,0.057541,0.000000,0.001709,-0.000191,-0.034188,0.000000,0.000000,0.000000,0.000000,0.3000
6.780079,0.000000,0.050697,0.055487,0.000000,0.001709,-0.000191,0.024420,0.000000,0.000000,0.000000,0.000000,0.3000
6.790465,0.000000,0.047293,0.053029,0.000000,0.008547,-0.000191,-0.131868,0.000000,0.000000,0.000000,0.000000,0.3000
6.800175,0.000000,0.047293,0.051308,0.000000,0.008547,-0.000191,0.112332,0.000000,0.000000,0.000000,0.000000,0.3000
6.810127,0.000000,0.052809,0.051759,0.000000,0.001709,-0.000191,-0.034188,0.000000,0.000000,0.000000,0.000000,0.3000
6.820000,0.000000,0.052809,0.052074,0.000000,-0.008547,-0.000191,-0.034188,0.000000,0.000000,0.000000,0.000000,0.3000
6.830000,0.000000,0.091898,0.064021,0.000000,0.018803,-0.000191,-0.004884,0.000000,0.000000,0.000000,0.000000,0.3000
6.840986,0.000000,0.071982,0.066409,0.000000,-0.011966,-0.000191,0.043956,0.000000,0.000000,0.000000,0.000000,0.3000
6.850293,0.000000,0.071982,0.068081,0.000000,-0.011966,-0.000191,0.073260,0.000000,0.000000,0.000000,0.000000,0.3000
6.860157,0.000000,0.056795,0.064696,0.000000,0.001709,-0.000191,0.073260,0.000000,0.000000,0.000000,0.000000,0.3000
6.870274,0.000000,0.039313,0.057081,0.000000,-0.005128,-0.000191,0.083028,0.000000,0.000000,0.000000,0.000000,0.3000
6.881206,0.000000,0.039313,0.051750,0.000000,0.008547,-0.000191,-0.043956,0.000000,0.000000,0.000000,0.000000,0.3000
6.890036,0.000000,0.070271,0.057307,0.000000,-0.011966,-0.000191,-0.043956,0.000000,0.000000,0.000000,0.000000,0.3000
6.900064,0.000000,0.066254,0.059991,0.000000,-0.001709,-0.000191,-0.034188,0.000000,0.000000,0.000000,0.000000,0.3000
6.914635,0.000000,0.054489,0.058340,0.000000,0.015385,-0.000191,0.014652,0.000000,0.000000,0.000000,0.000000,0.3000
6.920571,0.000000,0.054489,0.057185,0.000000,0.005128,-0.000191,0.063492,0.000000,0.000000,0.000000,0.000000,0.3000
6.930471,0.000000,0.066601,0.060010,0.000000,0.005128,-0.000191,0.043956,0.000000,0.000000,0.000000,0.000000,0.3000
6.940748,0.000000,0.066601,0.061987,0.000000,-0.005128,-0.000191,-0.053724,0.000000,0.000000,0.000000,0.000000,0.3000
6.950015,0.000000,0.064223,0.062658,0.000000,0.001709,-0.000191,-0.053724,0.000000,0.000000,0.000000,0.000000,0.3000
6.960000,0.000000,0.064223,0.063127,0.000000,0.011966,-0.000191,0.004884,0.000000,0.000000,0.000000,0.000000,0.3000
6.970000,0.000000,0.086246,0.070063,0.000000,-0.022222,-0.000191,-0.004884,0.000000,0.000000,0.000000,0.000000,0.3000
6.980250,0.000000,0.078709,0.072657,0.000000,-0.018803,-0.000191,-0.043956,0.000000,0.000000,0.000000,0.000000,0.3000
6.990258,0.000000,0.078709,0.074472,0.000000,0.005128,-0.000191,0.063492,0.000000,0.000000,0.000000,0.000000,0.3000
7.000188,0.000000,0.064529,0.071489,0.000000,-0.015385,-0.000191,0.034188,0.000000,0.000000,0.000000,0.000000,0.3000
7.010233,0.000000,0.053050,0.065957,0.000000,0.015385,-0.000191,-0.034188,0.000000,0.000000,0.000000,0.000000,0.3000
7.020242,0.000000,0.053050,0.062085,0.000000,0.011966,-0.000191,0.034188,0.000000,0.000000,0.000000,0.000000,0.3000
7.030273,0.000000,0.064082,0.062684,0.000000,0.011966,-0.000191,-0.053724,0.000000,0.000000,0.000000,0.000000,0.3000
7.040347,0.000000,0.069452,0.064715,0.000000,-0.039316,-0.000191,0.024420,0.000000,0.000000,0.000000,0.000000,0.3000
7.050650,0.000000,0.069452,0.066136,0.000000,0.015385,-0.000191,-0.043956,0.000000,0.000000,0.000000,0.000000,0.3000
7.060035,0.000000,0.043413,0.059319,0.000000,0.005128,-0.000191,0.034188,0.000000,0.000000,0.000000,0.000000,0.3000
7.070120,0.000000,0.049315,0.056318,0.000000,0.008547,-0.000191,-0.043956,0.000000,0.000000,0.000000,0.000000,0.3000
7.080000,0.000000,0.049315,0.054217,0.000000,-0.011966,-0.000191,-0.034188,0.000000,0.000000,0.000000,0.000000,0.3000
7.090885,0.000000,0.049430,0.052781,0.000000,0.008547,-0.000191,-0.004884,0.000000,0.000000,0.000000,0.000000,0.3000
7.100513,0.000000,0.076309,0.059839,0.000000,-0.011966,-0.000191,-0.034188,0.000000,0.000000,0.000000,0.000000,0.3000
7.110328,0.000000,0.076309,0.064780,0.000000,-0.022222,-0.000191,0.004884,0.000000,0.000000,0.000000,0.000000,0.3000
7.120000,0.000000,0.066561,0.065315,0.000000,-0.005128,-0.000191,0.004884,0.000000,0.000000,0.000000,0.000000,0.3000
7.130283,0.000000,0.066561,0.065689,0.000000,-0.005128,-0.000191,-0.034188,0.000000,0.000000,0.000000,0.000000,0.3000
7.140320,0.000000,0.057157,0.063129,0.000000,-0.001709,-0.000191,-0.034188,0.000000,0.000000,0.000000,0.000000,0.3000
